target_time,init_month,init_time_first,init_time_last,lead_months,region,source_model,forecast_rzsm,forecast_rzsm_member_std,n_members,requested_run_hours,source_catalog,source_urls,units,notes,forecast_rzsm_normal,forecast_rzsm_anom
2017-01-01,2016-12-01,2016-12-31,2016-12-31 18:00:00,1,mediterranean_spain,NCEI_CFSv2_monthly_flxf_soilw,0.19266792137398647,0.008772628821447893,4,0 6 12 18,https://www.ncei.noaa.gov/thredds/catalog/model-cfs_v2_for_mm/catalog.xml,https://www.ncei.noaa.gov/thredds/fileServer/model-cfs_v2_for_mm/2016/201612/20161231/2016123100/flxf.01.2016123100.201701.avrg.grib.grb2 https://www.ncei.noaa.gov/thredds/fileServer/model-cfs_v2_for_mm/2016/201612/20161231/2016123106/flxf.01.2016123106.201701.avrg.grib.grb2 https://www.ncei.noaa.gov/thredds/fileServer/model-cfs_v2_for_mm/2016/201612/20161231/2016123112/flxf.01.2016123112.201701.avrg.grib.grb2 https://www.ncei.noaa.gov/thredds/fileServer/model-cfs_v2_for_mm/2016/201612/20161231/2016123118/flxf.01.2016123118.201701.avrg.grib.grb2,volumetric soil moisture proportion,"CFSv2 flxf soilw first-meter approximation from the first three depthBelowLandLayer records, weighted as 0-10, 10-40, and 40-100 cm.",0.18764784261013684,0.005020078763849634
2017-02-01,2017-01-01,2017-01-31,2017-01-31 18:00:00,1,mediterranean_spain,NCEI_CFSv2_monthly_flxf_soilw,0.21319266902688572,0.0024241192715059767,4,0 6 12 18,https://www.ncei.noaa.gov/thredds/catalog/model-cfs_v2_for_mm/catalog.xml,https://www.ncei.noaa.gov/thredds/fileServer/model-cfs_v2_for_mm/2017/201701/20170131/2017013100/flxf.01.2017013100.201702.avrg.grib.grb2 https://www.ncei.noaa.gov/thredds/fileServer/model-cfs_v2_for_mm/2017/201701/20170131/2017013106/flxf.01.2017013106.201702.avrg.grib.grb2 https://www.ncei.noaa.gov/thredds/fileServer/model-cfs_v2_for_mm/2017/201701/20170131/2017013112/flxf.01.2017013112.201702.avrg.grib.grb2 https://www.ncei.noaa.gov/thredds/fileServer/model-cfs_v2_for_mm/2017/201701/20170131/2017013118/flxf.01.2017013118.201702.avrg.grib.grb2,volumetric soil moisture proportion,"CFSv2 flxf soilw first-meter approximation from the first three depthBelowLandLayer records, weighted as 0-10, 10-40, and 40-100 cm.",0.19911200743140975,0.014080661595475968
2017-03-01,2017-02-01,2017-02-28,2017-02-28 18:00:00,1,mediterranean_spain,NCEI_CFSv2_monthly_flxf_soilw,0.2023633868564626,0.004758623150747484,4,0 6 12 18,https://www.ncei.noaa.gov/thredds/catalog/model-cfs_v2_for_mm/catalog.xml,https://www.ncei.noaa.gov/thredds/fileServer/model-cfs_v2_for_mm/2017/201702/20170228/2017022800/flxf.01.2017022800.201703.avrg.grib.grb2 https://www.ncei.noaa.gov/thredds/fileServer/model-cfs_v2_for_mm/2017/201702/20170228/2017022806/flxf.01.2017022806.201703.avrg.grib.grb2 https://www.ncei.noaa.gov/thredds/fileServer/model-cfs_v2_for_mm/2017/201702/20170228/2017022812/flxf.01.2017022812.201703.avrg.grib.grb2 https://www.ncei.noaa.gov/thredds/fileServer/model-cfs_v2_for_mm/2017/201702/20170228/2017022818/flxf.01.2017022818.201703.avrg.grib.grb2,volumetric soil moisture proportion,"CFSv2 flxf soilw first-meter approximation from the first three depthBelowLandLayer records, weighted as 0-10, 10-40, and 40-100 cm.",0.19811784482994252,0.004245542026520083
2017-04-01,2017-03-01,2017-03-31,2017-03-31 18:00:00,1,mediterranean_spain,NCEI_CFSv2_monthly_flxf_soilw,0.19466516033352646,0.005533219746459112,4,0 6 12 18,https://www.ncei.noaa.gov/thredds/catalog/model-cfs_v2_for_mm/catalog.xml,https://www.ncei.noaa.gov/thredds/fileServer/model-cfs_v2_for_mm/2017/201703/20170331/2017033100/flxf.01.2017033100.201704.avrg.grib.grb2 https://www.ncei.noaa.gov/thredds/fileServer/model-cfs_v2_for_mm/2017/201703/20170331/2017033106/flxf.01.2017033106.201704.avrg.grib.grb2 https://www.ncei.noaa.gov/thredds/fileServer/model-cfs_v2_for_mm/2017/201703/20170331/2017033112/flxf.01.2017033112.201704.avrg.grib.grb2 https://www.ncei.noaa.gov/thredds/fileServer/model-cfs_v2_for_mm/2017/201703/20170331/2017033118/flxf.01.2017033118.201704.avrg.grib.grb2,volumetric soil moisture proportion,"CFSv2 flxf soilw first-meter approximation from the first three depthBelowLandLayer records, weighted as 0-10, 10-40, and 40-100 cm.",0.2017033005337539,-0.007038140200227444
2017-05-01,2017-04-01,2017-04-30,2017-04-30 18:00:00,1,mediterranean_spain,NCEI_CFSv2_monthly_flxf_soilw,0.1734304559577584,0.003910283702830493,4,0 6 12 18,https://www.ncei.noaa.gov/thredds/catalog/model-cfs_v2_for_mm/catalog.xml,https://www.ncei.noaa.gov/thredds/fileServer/model-cfs_v2_for_mm/2017/201704/20170430/2017043000/flxf.01.2017043000.201705.avrg.grib.grb2 https://www.ncei.noaa.gov/thredds/fileServer/model-cfs_v2_for_mm/2017/201704/20170430/2017043006/flxf.01.2017043006.201705.avrg.grib.grb2 https://www.ncei.noaa.gov/thredds/fileServer/model-cfs_v2_for_mm/2017/201704/20170430/2017043012/flxf.01.2017043012.201705.avrg.grib.grb2 https://www.ncei.noaa.gov/thredds/fileServer/model-cfs_v2_for_mm/2017/201704/20170430/2017043018/flxf.01.2017043018.201705.avrg.grib.grb2,volumetric soil moisture proportion,"CFSv2 flxf soilw first-meter approximation from the first three depthBelowLandLayer records, weighted as 0-10, 10-40, and 40-100 cm.",0.18734691876859724,-0.013916462810838831
2017-06-01,2017-05-01,2017-05-31,2017-05-31 18:00:00,1,mediterranean_spain,NCEI_CFSv2_monthly_flxf_soilw,0.15698754192639175,0.004523915223453426,4,0 6 12 18,https://www.ncei.noaa.gov/thredds/catalog/model-cfs_v2_for_mm/catalog.xml,https://www.ncei.noaa.gov/thredds/fileServer/model-cfs_v2_for_mm/2017/201705/20170531/2017053100/flxf.01.2017053100.201706.avrg.grib.grb2 https://www.ncei.noaa.gov/thredds/fileServer/model-cfs_v2_for_mm/2017/201705/20170531/2017053106/flxf.01.2017053106.201706.avrg.grib.grb2 https://www.ncei.noaa.gov/thredds/fileServer/model-cfs_v2_for_mm/2017/201705/20170531/2017053112/flxf.01.2017053112.201706.avrg.grib.grb2 https://www.ncei.noaa.gov/thredds/fileServer/model-cfs_v2_for_mm/2017/201705/20170531/2017053118/flxf.01.2017053118.201706.avrg.grib.grb2,volumetric soil moisture proportion,"CFSv2 flxf soilw first-meter approximation from the first three depthBelowLandLayer records, weighted as 0-10, 10-40, and 40-100 cm.",0.18184260312463216,-0.024855061198240408
2017-07-01,2017-06-01,2017-06-30,2017-06-30 18:00:00,1,mediterranean_spain,NCEI_CFSv2_monthly_flxf_soilw,0.1248824391931181,0.0009567543492277559,4,0 6 12 18,https://www.ncei.noaa.gov/thredds/catalog/model-cfs_v2_for_mm/catalog.xml,https://www.ncei.noaa.gov/thredds/fileServer/model-cfs_v2_for_mm/2017/201706/20170630/2017063000/flxf.01.2017063000.201707.avrg.grib.grb2 https://www.ncei.noaa.gov/thredds/fileServer/model-cfs_v2_for_mm/2017/201706/20170630/2017063006/flxf.01.2017063006.201707.avrg.grib.grb2 https://www.ncei.noaa.gov/thredds/fileServer/model-cfs_v2_for_mm/2017/201706/20170630/2017063012/flxf.01.2017063012.201707.avrg.grib.grb2 https://www.ncei.noaa.gov/thredds/fileServer/model-cfs_v2_for_mm/2017/201706/20170630/2017063018/flxf.01.2017063018.201707.avrg.grib.grb2,volumetric soil moisture proportion,"CFSv2 flxf soilw first-meter approximation from the first three depthBelowLandLayer records, weighted as 0-10, 10-40, and 40-100 cm.",0.1416844025435588,-0.016801963350440693
2017-08-01,2017-07-01,2017-07-31,2017-07-31 18:00:00,1,mediterranean_spain,NCEI_CFSv2_monthly_flxf_soilw,0.11446984143969359,0.0018884084806783967,4,0 6 12 18,https://www.ncei.noaa.gov/thredds/catalog/model-cfs_v2_for_mm/catalog.xml,https://www.ncei.noaa.gov/thredds/fileServer/model-cfs_v2_for_mm/2017/201707/20170731/2017073100/flxf.01.2017073100.201708.avrg.grib.grb2 https://www.ncei.noaa.gov/thredds/fileServer/model-cfs_v2_for_mm/2017/201707/20170731/2017073106/flxf.01.2017073106.201708.avrg.grib.grb2 https://www.ncei.noaa.gov/thredds/fileServer/model-cfs_v2_for_mm/2017/201707/20170731/2017073112/flxf.01.2017073112.201708.avrg.grib.grb2 https://www.ncei.noaa.gov/thredds/fileServer/model-cfs_v2_for_mm/2017/201707/20170731/2017073118/flxf.01.2017073118.201708.avrg.grib.grb2,volumetric soil moisture proportion,"CFSv2 flxf soilw first-meter approximation from the first three depthBelowLandLayer records, weighted as 0-10, 10-40, and 40-100 cm.",0.12506620433648052,-0.010596362896786934
2017-09-01,2017-08-01,2017-08-31,2017-08-31 18:00:00,1,mediterranean_spain,NCEI_CFSv2_monthly_flxf_soilw,0.1250093762831063,0.006372291314350467,4,0 6 12 18,https://www.ncei.noaa.gov/thredds/catalog/model-cfs_v2_for_mm/catalog.xml,https://www.ncei.noaa.gov/thredds/fileServer/model-cfs_v2_for_mm/2017/201708/20170831/2017083100/flxf.01.2017083100.201709.avrg.grib.grb2 https://www.ncei.noaa.gov/thredds/fileServer/model-cfs_v2_for_mm/2017/201708/20170831/2017083106/flxf.01.2017083106.201709.avrg.grib.grb2 https://www.ncei.noaa.gov/thredds/fileServer/model-cfs_v2_for_mm/2017/201708/20170831/2017083112/flxf.01.2017083112.201709.avrg.grib.grb2 https://www.ncei.noaa.gov/thredds/fileServer/model-cfs_v2_for_mm/2017/201708/20170831/2017083118/flxf.01.2017083118.201709.avrg.grib.grb2,volumetric soil moisture proportion,"CFSv2 flxf soilw first-meter approximation from the first three depthBelowLandLayer records, weighted as 0-10, 10-40, and 40-100 cm.",0.12485801040849989,0.00015136587460640172
2017-10-01,2017-09-01,2017-09-30,2017-09-30 18:00:00,1,mediterranean_spain,NCEI_CFSv2_monthly_flxf_soilw,0.11859902885504793,0.006902914211189272,4,0 6 12 18,https://www.ncei.noaa.gov/thredds/catalog/model-cfs_v2_for_mm/catalog.xml,https://www.ncei.noaa.gov/thredds/fileServer/model-cfs_v2_for_mm/2017/201709/20170930/2017093000/flxf.01.2017093000.201710.avrg.grib.grb2 https://www.ncei.noaa.gov/thredds/fileServer/model-cfs_v2_for_mm/2017/201709/20170930/2017093006/flxf.01.2017093006.201710.avrg.grib.grb2 https://www.ncei.noaa.gov/thredds/fileServer/model-cfs_v2_for_mm/2017/201709/20170930/2017093012/flxf.01.2017093012.201710.avrg.grib.grb2 https://www.ncei.noaa.gov/thredds/fileServer/model-cfs_v2_for_mm/2017/201709/20170930/2017093018/flxf.01.2017093018.201710.avrg.grib.grb2,volumetric soil moisture proportion,"CFSv2 flxf soilw first-meter approximation from the first three depthBelowLandLayer records, weighted as 0-10, 10-40, and 40-100 cm.",0.13112067120761198,-0.012521642352564047
2017-11-01,2017-10-01,2017-10-31,2017-10-31 18:00:00,1,mediterranean_spain,NCEI_CFSv2_monthly_flxf_soilw,0.12925423978596684,0.0063870600827881235,4,0 6 12 18,https://www.ncei.noaa.gov/thredds/catalog/model-cfs_v2_for_mm/catalog.xml,https://www.ncei.noaa.gov/thredds/fileServer/model-cfs_v2_for_mm/2017/201710/20171031/2017103100/flxf.01.2017103100.201711.avrg.grib.grb2 https://www.ncei.noaa.gov/thredds/fileServer/model-cfs_v2_for_mm/2017/201710/20171031/2017103106/flxf.01.2017103106.201711.avrg.grib.grb2 https://www.ncei.noaa.gov/thredds/fileServer/model-cfs_v2_for_mm/2017/201710/20171031/2017103112/flxf.01.2017103112.201711.avrg.grib.grb2 https://www.ncei.noaa.gov/thredds/fileServer/model-cfs_v2_for_mm/2017/201710/20171031/2017103118/flxf.01.2017103118.201711.avrg.grib.grb2,volumetric soil moisture proportion,"CFSv2 flxf soilw first-meter approximation from the first three depthBelowLandLayer records, weighted as 0-10, 10-40, and 40-100 cm.",0.15166752928600546,-0.022413289500038625
2017-12-01,2017-11-01,2017-11-30,2017-11-30 18:00:00,1,mediterranean_spain,NCEI_CFSv2_monthly_flxf_soilw,0.1351971087369152,0.0063650898656104,4,0 6 12 18,https://www.ncei.noaa.gov/thredds/catalog/model-cfs_v2_for_mm/catalog.xml,https://www.ncei.noaa.gov/thredds/fileServer/model-cfs_v2_for_mm/2017/201711/20171130/2017113000/flxf.01.2017113000.201712.avrg.grib.grb2 https://www.ncei.noaa.gov/thredds/fileServer/model-cfs_v2_for_mm/2017/201711/20171130/2017113006/flxf.01.2017113006.201712.avrg.grib.grb2 https://www.ncei.noaa.gov/thredds/fileServer/model-cfs_v2_for_mm/2017/201711/20171130/2017113012/flxf.01.2017113012.201712.avrg.grib.grb2 https://www.ncei.noaa.gov/thredds/fileServer/model-cfs_v2_for_mm/2017/201711/20171130/2017113018/flxf.01.2017113018.201712.avrg.grib.grb2,volumetric soil moisture proportion,"CFSv2 flxf soilw first-meter approximation from the first three depthBelowLandLayer records, weighted as 0-10, 10-40, and 40-100 cm.",0.17208640818583687,-0.036889299448921664
2018-01-01,2017-12-01,2017-12-31,2017-12-31 18:00:00,1,mediterranean_spain,NCEI_CFSv2_monthly_flxf_soilw,0.16416258295724312,0.006081939995807336,4,0 6 12 18,https://www.ncei.noaa.gov/thredds/catalog/model-cfs_v2_for_mm/catalog.xml,https://www.ncei.noaa.gov/thredds/fileServer/model-cfs_v2_for_mm/2017/201712/20171231/2017123100/flxf.01.2017123100.201801.avrg.grib.grb2 https://www.ncei.noaa.gov/thredds/fileServer/model-cfs_v2_for_mm/2017/201712/20171231/2017123106/flxf.01.2017123106.201801.avrg.grib.grb2 https://www.ncei.noaa.gov/thredds/fileServer/model-cfs_v2_for_mm/2017/201712/20171231/2017123112/flxf.01.2017123112.201801.avrg.grib.grb2 https://www.ncei.noaa.gov/thredds/fileServer/model-cfs_v2_for_mm/2017/201712/20171231/2017123118/flxf.01.2017123118.201801.avrg.grib.grb2,volumetric soil moisture proportion,"CFSv2 flxf soilw first-meter approximation from the first three depthBelowLandLayer records, weighted as 0-10, 10-40, and 40-100 cm.",0.18764784261013684,-0.02348525965289372
2018-02-01,2018-01-01,2018-01-31,2018-01-31 18:00:00,1,mediterranean_spain,NCEI_CFSv2_monthly_flxf_soilw,0.17559231305854145,0.0037879539207651153,4,0 6 12 18,https://www.ncei.noaa.gov/thredds/catalog/model-cfs_v2_for_mm/catalog.xml,https://www.ncei.noaa.gov/thredds/fileServer/model-cfs_v2_for_mm/2018/201801/20180131/2018013100/flxf.01.2018013100.201802.avrg.grib.grb2 https://www.ncei.noaa.gov/thredds/fileServer/model-cfs_v2_for_mm/2018/201801/20180131/2018013106/flxf.01.2018013106.201802.avrg.grib.grb2 https://www.ncei.noaa.gov/thredds/fileServer/model-cfs_v2_for_mm/2018/201801/20180131/2018013112/flxf.01.2018013112.201802.avrg.grib.grb2 https://www.ncei.noaa.gov/thredds/fileServer/model-cfs_v2_for_mm/2018/201801/20180131/2018013118/flxf.01.2018013118.201802.avrg.grib.grb2,volumetric soil moisture proportion,"CFSv2 flxf soilw first-meter approximation from the first three depthBelowLandLayer records, weighted as 0-10, 10-40, and 40-100 cm.",0.19911200743140975,-0.0235196943728683
2018-03-01,2018-02-01,2018-02-28,2018-02-28 18:00:00,1,mediterranean_spain,NCEI_CFSv2_monthly_flxf_soilw,0.20559325093460257,0.0038335715443162765,4,0 6 12 18,https://www.ncei.noaa.gov/thredds/catalog/model-cfs_v2_for_mm/catalog.xml,https://www.ncei.noaa.gov/thredds/fileServer/model-cfs_v2_for_mm/2018/201802/20180228/2018022800/flxf.01.2018022800.201803.avrg.grib.grb2 https://www.ncei.noaa.gov/thredds/fileServer/model-cfs_v2_for_mm/2018/201802/20180228/2018022806/flxf.01.2018022806.201803.avrg.grib.grb2 https://www.ncei.noaa.gov/thredds/fileServer/model-cfs_v2_for_mm/2018/201802/20180228/2018022812/flxf.01.2018022812.201803.avrg.grib.grb2 https://www.ncei.noaa.gov/thredds/fileServer/model-cfs_v2_for_mm/2018/201802/20180228/2018022818/flxf.01.2018022818.201803.avrg.grib.grb2,volumetric soil moisture proportion,"CFSv2 flxf soilw first-meter approximation from the first three depthBelowLandLayer records, weighted as 0-10, 10-40, and 40-100 cm.",0.19811784482994252,0.007475406104660048
2018-04-01,2018-03-01,2018-03-31,2018-03-31 18:00:00,1,mediterranean_spain,NCEI_CFSv2_monthly_flxf_soilw,0.21671092508864553,0.004796559419816157,4,0 6 12 18,https://www.ncei.noaa.gov/thredds/catalog/model-cfs_v2_for_mm/catalog.xml,https://www.ncei.noaa.gov/thredds/fileServer/model-cfs_v2_for_mm/2018/201803/20180331/2018033100/flxf.01.2018033100.201804.avrg.grib.grb2 https://www.ncei.noaa.gov/thredds/fileServer/model-cfs_v2_for_mm/2018/201803/20180331/2018033106/flxf.01.2018033106.201804.avrg.grib.grb2 https://www.ncei.noaa.gov/thredds/fileServer/model-cfs_v2_for_mm/2018/201803/20180331/2018033112/flxf.01.2018033112.201804.avrg.grib.grb2 https://www.ncei.noaa.gov/thredds/fileServer/model-cfs_v2_for_mm/2018/201803/20180331/2018033118/flxf.01.2018033118.201804.avrg.grib.grb2,volumetric soil moisture proportion,"CFSv2 flxf soilw first-meter approximation from the first three depthBelowLandLayer records, weighted as 0-10, 10-40, and 40-100 cm.",0.2017033005337539,0.01500762455489163
2018-05-01,2018-04-01,2018-04-30,2018-04-30 18:00:00,1,mediterranean_spain,NCEI_CFSv2_monthly_flxf_soilw,0.1985215707535726,0.0027868366747507674,4,0 6 12 18,https://www.ncei.noaa.gov/thredds/catalog/model-cfs_v2_for_mm/catalog.xml,https://www.ncei.noaa.gov/thredds/fileServer/model-cfs_v2_for_mm/2018/201804/20180430/2018043000/flxf.01.2018043000.201805.avrg.grib.grb2 https://www.ncei.noaa.gov/thredds/fileServer/model-cfs_v2_for_mm/2018/201804/20180430/2018043006/flxf.01.2018043006.201805.avrg.grib.grb2 https://www.ncei.noaa.gov/thredds/fileServer/model-cfs_v2_for_mm/2018/201804/20180430/2018043012/flxf.01.2018043012.201805.avrg.grib.grb2 https://www.ncei.noaa.gov/thredds/fileServer/model-cfs_v2_for_mm/2018/201804/20180430/2018043018/flxf.01.2018043018.201805.avrg.grib.grb2,volumetric soil moisture proportion,"CFSv2 flxf soilw first-meter approximation from the first three depthBelowLandLayer records, weighted as 0-10, 10-40, and 40-100 cm.",0.18734691876859724,0.011174651984975359
2018-06-01,2018-05-01,2018-05-31,2018-05-31 18:00:00,1,mediterranean_spain,NCEI_CFSv2_monthly_flxf_soilw,0.1974070536701436,0.004398752389369811,4,0 6 12 18,https://www.ncei.noaa.gov/thredds/catalog/model-cfs_v2_for_mm/catalog.xml,https://www.ncei.noaa.gov/thredds/fileServer/model-cfs_v2_for_mm/2018/201805/20180531/2018053100/flxf.01.2018053100.201806.avrg.grib.grb2 https://www.ncei.noaa.gov/thredds/fileServer/model-cfs_v2_for_mm/2018/201805/20180531/2018053106/flxf.01.2018053106.201806.avrg.grib.grb2 https://www.ncei.noaa.gov/thredds/fileServer/model-cfs_v2_for_mm/2018/201805/20180531/2018053112/flxf.01.2018053112.201806.avrg.grib.grb2 https://www.ncei.noaa.gov/thredds/fileServer/model-cfs_v2_for_mm/2018/201805/20180531/2018053118/flxf.01.2018053118.201806.avrg.grib.grb2,volumetric soil moisture proportion,"CFSv2 flxf soilw first-meter approximation from the first three depthBelowLandLayer records, weighted as 0-10, 10-40, and 40-100 cm.",0.18184260312463216,0.015564450545511449
2018-07-01,2018-06-01,2018-06-30,2018-06-30 18:00:00,1,mediterranean_spain,NCEI_CFSv2_monthly_flxf_soilw,0.16560425720719998,0.0019242570579747877,4,0 6 12 18,https://www.ncei.noaa.gov/thredds/catalog/model-cfs_v2_for_mm/catalog.xml,https://www.ncei.noaa.gov/thredds/fileServer/model-cfs_v2_for_mm/2018/201806/20180630/2018063000/flxf.01.2018063000.201807.avrg.grib.grb2 https://www.ncei.noaa.gov/thredds/fileServer/model-cfs_v2_for_mm/2018/201806/20180630/2018063006/flxf.01.2018063006.201807.avrg.grib.grb2 https://www.ncei.noaa.gov/thredds/fileServer/model-cfs_v2_for_mm/2018/201806/20180630/2018063012/flxf.01.2018063012.201807.avrg.grib.grb2 https://www.ncei.noaa.gov/thredds/fileServer/model-cfs_v2_for_mm/2018/201806/20180630/2018063018/flxf.01.2018063018.201807.avrg.grib.grb2,volumetric soil moisture proportion,"CFSv2 flxf soilw first-meter approximation from the first three depthBelowLandLayer records, weighted as 0-10, 10-40, and 40-100 cm.",0.1416844025435588,0.023919854663641188
2018-08-01,2018-07-01,2018-07-31,2018-07-31 18:00:00,1,mediterranean_spain,NCEI_CFSv2_monthly_flxf_soilw,0.14300917121066986,0.001466660959726644,4,0 6 12 18,https://www.ncei.noaa.gov/thredds/catalog/model-cfs_v2_for_mm/catalog.xml,https://www.ncei.noaa.gov/thredds/fileServer/model-cfs_v2_for_mm/2018/201807/20180731/2018073100/flxf.01.2018073100.201808.avrg.grib.grb2 https://www.ncei.noaa.gov/thredds/fileServer/model-cfs_v2_for_mm/2018/201807/20180731/2018073106/flxf.01.2018073106.201808.avrg.grib.grb2 https://www.ncei.noaa.gov/thredds/fileServer/model-cfs_v2_for_mm/2018/201807/20180731/2018073112/flxf.01.2018073112.201808.avrg.grib.grb2 https://www.ncei.noaa.gov/thredds/fileServer/model-cfs_v2_for_mm/2018/201807/20180731/2018073118/flxf.01.2018073118.201808.avrg.grib.grb2,volumetric soil moisture proportion,"CFSv2 flxf soilw first-meter approximation from the first three depthBelowLandLayer records, weighted as 0-10, 10-40, and 40-100 cm.",0.12506620433648052,0.017942966874189337
2018-09-01,2018-08-01,2018-08-31,2018-08-31 18:00:00,1,mediterranean_spain,NCEI_CFSv2_monthly_flxf_soilw,0.1359352399771217,0.004895194112300356,4,0 6 12 18,https://www.ncei.noaa.gov/thredds/catalog/model-cfs_v2_for_mm/catalog.xml,https://www.ncei.noaa.gov/thredds/fileServer/model-cfs_v2_for_mm/2018/201808/20180831/2018083100/flxf.01.2018083100.201809.avrg.grib.grb2 https://www.ncei.noaa.gov/thredds/fileServer/model-cfs_v2_for_mm/2018/201808/20180831/2018083106/flxf.01.2018083106.201809.avrg.grib.grb2 https://www.ncei.noaa.gov/thredds/fileServer/model-cfs_v2_for_mm/2018/201808/20180831/2018083112/flxf.01.2018083112.201809.avrg.grib.grb2 https://www.ncei.noaa.gov/thredds/fileServer/model-cfs_v2_for_mm/2018/201808/20180831/2018083118/flxf.01.2018083118.201809.avrg.grib.grb2,volumetric soil moisture proportion,"CFSv2 flxf soilw first-meter approximation from the first three depthBelowLandLayer records, weighted as 0-10, 10-40, and 40-100 cm.",0.12485801040849989,0.01107722956862181
2018-10-01,2018-09-01,2018-09-30,2018-09-30 18:00:00,1,mediterranean_spain,NCEI_CFSv2_monthly_flxf_soilw,0.1424738556442819,0.006179054661127719,4,0 6 12 18,https://www.ncei.noaa.gov/thredds/catalog/model-cfs_v2_for_mm/catalog.xml,https://www.ncei.noaa.gov/thredds/fileServer/model-cfs_v2_for_mm/2018/201809/20180930/2018093000/flxf.01.2018093000.201810.avrg.grib.grb2 https://www.ncei.noaa.gov/thredds/fileServer/model-cfs_v2_for_mm/2018/201809/20180930/2018093006/flxf.01.2018093006.201810.avrg.grib.grb2 https://www.ncei.noaa.gov/thredds/fileServer/model-cfs_v2_for_mm/2018/201809/20180930/2018093012/flxf.01.2018093012.201810.avrg.grib.grb2 https://www.ncei.noaa.gov/thredds/fileServer/model-cfs_v2_for_mm/2018/201809/20180930/2018093018/flxf.01.2018093018.201810.avrg.grib.grb2,volumetric soil moisture proportion,"CFSv2 flxf soilw first-meter approximation from the first three depthBelowLandLayer records, weighted as 0-10, 10-40, and 40-100 cm.",0.13112067120761198,0.01135318443666991
2018-11-01,2018-10-01,2018-10-31,2018-10-31 18:00:00,1,mediterranean_spain,NCEI_CFSv2_monthly_flxf_soilw,0.1793717198157227,0.005299752189306751,4,0 6 12 18,https://www.ncei.noaa.gov/thredds/catalog/model-cfs_v2_for_mm/catalog.xml,https://www.ncei.noaa.gov/thredds/fileServer/model-cfs_v2_for_mm/2018/201810/20181031/2018103100/flxf.01.2018103100.201811.avrg.grib.grb2 https://www.ncei.noaa.gov/thredds/fileServer/model-cfs_v2_for_mm/2018/201810/20181031/2018103106/flxf.01.2018103106.201811.avrg.grib.grb2 https://www.ncei.noaa.gov/thredds/fileServer/model-cfs_v2_for_mm/2018/201810/20181031/2018103112/flxf.01.2018103112.201811.avrg.grib.grb2 https://www.ncei.noaa.gov/thredds/fileServer/model-cfs_v2_for_mm/2018/201810/20181031/2018103118/flxf.01.2018103118.201811.avrg.grib.grb2,volumetric soil moisture proportion,"CFSv2 flxf soilw first-meter approximation from the first three depthBelowLandLayer records, weighted as 0-10, 10-40, and 40-100 cm.",0.15166752928600546,0.027704190529717232
2018-12-01,2018-11-01,2018-11-30,2018-11-30 18:00:00,1,mediterranean_spain,NCEI_CFSv2_monthly_flxf_soilw,0.20068680069311085,0.0015418916724707769,4,0 6 12 18,https://www.ncei.noaa.gov/thredds/catalog/model-cfs_v2_for_mm/catalog.xml,https://www.ncei.noaa.gov/thredds/fileServer/model-cfs_v2_for_mm/2018/201811/20181130/2018113000/flxf.01.2018113000.201812.avrg.grib.grb2 https://www.ncei.noaa.gov/thredds/fileServer/model-cfs_v2_for_mm/2018/201811/20181130/2018113006/flxf.01.2018113006.201812.avrg.grib.grb2 https://www.ncei.noaa.gov/thredds/fileServer/model-cfs_v2_for_mm/2018/201811/20181130/2018113012/flxf.01.2018113012.201812.avrg.grib.grb2 https://www.ncei.noaa.gov/thredds/fileServer/model-cfs_v2_for_mm/2018/201811/20181130/2018113018/flxf.01.2018113018.201812.avrg.grib.grb2,volumetric soil moisture proportion,"CFSv2 flxf soilw first-meter approximation from the first three depthBelowLandLayer records, weighted as 0-10, 10-40, and 40-100 cm.",0.17208640818583687,0.028600392507273975
2019-01-01,2018-12-01,2018-12-31,2018-12-31 18:00:00,1,mediterranean_spain,NCEI_CFSv2_monthly_flxf_soilw,0.19794369980193555,0.001997229622380766,4,0 6 12 18,https://www.ncei.noaa.gov/thredds/catalog/model-cfs_v2_for_mm/catalog.xml,https://www.ncei.noaa.gov/thredds/fileServer/model-cfs_v2_for_mm/2018/201812/20181231/2018123100/flxf.01.2018123100.201901.avrg.grib.grb2 https://www.ncei.noaa.gov/thredds/fileServer/model-cfs_v2_for_mm/2018/201812/20181231/2018123106/flxf.01.2018123106.201901.avrg.grib.grb2 https://www.ncei.noaa.gov/thredds/fileServer/model-cfs_v2_for_mm/2018/201812/20181231/2018123112/flxf.01.2018123112.201901.avrg.grib.grb2 https://www.ncei.noaa.gov/thredds/fileServer/model-cfs_v2_for_mm/2018/201812/20181231/2018123118/flxf.01.2018123118.201901.avrg.grib.grb2,volumetric soil moisture proportion,"CFSv2 flxf soilw first-meter approximation from the first three depthBelowLandLayer records, weighted as 0-10, 10-40, and 40-100 cm.",0.18764784261013684,0.010295857191798707
2019-02-01,2019-01-01,2019-01-31,2019-01-31 18:00:00,1,mediterranean_spain,NCEI_CFSv2_monthly_flxf_soilw,0.1989255194689936,0.003043746157701103,4,0 6 12 18,https://www.ncei.noaa.gov/thredds/catalog/model-cfs_v2_for_mm/catalog.xml,https://www.ncei.noaa.gov/thredds/fileServer/model-cfs_v2_for_mm/2019/201901/20190131/2019013100/flxf.01.2019013100.201902.avrg.grib.grb2 https://www.ncei.noaa.gov/thredds/fileServer/model-cfs_v2_for_mm/2019/201901/20190131/2019013106/flxf.01.2019013106.201902.avrg.grib.grb2 https://www.ncei.noaa.gov/thredds/fileServer/model-cfs_v2_for_mm/2019/201901/20190131/2019013112/flxf.01.2019013112.201902.avrg.grib.grb2 https://www.ncei.noaa.gov/thredds/fileServer/model-cfs_v2_for_mm/2019/201901/20190131/2019013118/flxf.01.2019013118.201902.avrg.grib.grb2,volumetric soil moisture proportion,"CFSv2 flxf soilw first-meter approximation from the first three depthBelowLandLayer records, weighted as 0-10, 10-40, and 40-100 cm.",0.19911200743140975,-0.00018648796241615972
2019-03-01,2019-02-01,2019-02-28,2019-02-28 18:00:00,1,mediterranean_spain,NCEI_CFSv2_monthly_flxf_soilw,0.18159319447853717,0.0034349355150657393,4,0 6 12 18,https://www.ncei.noaa.gov/thredds/catalog/model-cfs_v2_for_mm/catalog.xml,https://www.ncei.noaa.gov/thredds/fileServer/model-cfs_v2_for_mm/2019/201902/20190228/2019022800/flxf.01.2019022800.201903.avrg.grib.grb2 https://www.ncei.noaa.gov/thredds/fileServer/model-cfs_v2_for_mm/2019/201902/20190228/2019022806/flxf.01.2019022806.201903.avrg.grib.grb2 https://www.ncei.noaa.gov/thredds/fileServer/model-cfs_v2_for_mm/2019/201902/20190228/2019022812/flxf.01.2019022812.201903.avrg.grib.grb2 https://www.ncei.noaa.gov/thredds/fileServer/model-cfs_v2_for_mm/2019/201902/20190228/2019022818/flxf.01.2019022818.201903.avrg.grib.grb2,volumetric soil moisture proportion,"CFSv2 flxf soilw first-meter approximation from the first three depthBelowLandLayer records, weighted as 0-10, 10-40, and 40-100 cm.",0.19811784482994252,-0.01652465035140535
2019-04-01,2019-03-01,2019-03-31,2019-03-31 18:00:00,1,mediterranean_spain,NCEI_CFSv2_monthly_flxf_soilw,0.17579017054538237,0.0013219080951539896,4,0 6 12 18,https://www.ncei.noaa.gov/thredds/catalog/model-cfs_v2_for_mm/catalog.xml,https://www.ncei.noaa.gov/thredds/fileServer/model-cfs_v2_for_mm/2019/201903/20190331/2019033100/flxf.01.2019033100.201904.avrg.grib.grb2 https://www.ncei.noaa.gov/thredds/fileServer/model-cfs_v2_for_mm/2019/201903/20190331/2019033106/flxf.01.2019033106.201904.avrg.grib.grb2 https://www.ncei.noaa.gov/thredds/fileServer/model-cfs_v2_for_mm/2019/201903/20190331/2019033112/flxf.01.2019033112.201904.avrg.grib.grb2 https://www.ncei.noaa.gov/thredds/fileServer/model-cfs_v2_for_mm/2019/201903/20190331/2019033118/flxf.01.2019033118.201904.avrg.grib.grb2,volumetric soil moisture proportion,"CFSv2 flxf soilw first-meter approximation from the first three depthBelowLandLayer records, weighted as 0-10, 10-40, and 40-100 cm.",0.2017033005337539,-0.02591312998837153
2019-05-01,2019-04-01,2019-04-30,2019-04-30 18:00:00,1,mediterranean_spain,NCEI_CFSv2_monthly_flxf_soilw,0.1736747340926832,0.0029632015704960752,4,0 6 12 18,https://www.ncei.noaa.gov/thredds/catalog/model-cfs_v2_for_mm/catalog.xml,https://www.ncei.noaa.gov/thredds/fileServer/model-cfs_v2_for_mm/2019/201904/20190430/2019043000/flxf.01.2019043000.201905.avrg.grib.grb2 https://www.ncei.noaa.gov/thredds/fileServer/model-cfs_v2_for_mm/2019/201904/20190430/2019043006/flxf.01.2019043006.201905.avrg.grib.grb2 https://www.ncei.noaa.gov/thredds/fileServer/model-cfs_v2_for_mm/2019/201904/20190430/2019043012/flxf.01.2019043012.201905.avrg.grib.grb2 https://www.ncei.noaa.gov/thredds/fileServer/model-cfs_v2_for_mm/2019/201904/20190430/2019043018/flxf.01.2019043018.201905.avrg.grib.grb2,volumetric soil moisture proportion,"CFSv2 flxf soilw first-meter approximation from the first three depthBelowLandLayer records, weighted as 0-10, 10-40, and 40-100 cm.",0.18734691876859724,-0.01367218467591405
2019-07-01,2019-06-01,2019-06-30,2019-06-30 18:00:00,1,mediterranean_spain,NCEI_CFSv2_monthly_flxf_soilw,0.12354400843928164,0.0009331727486152786,4,0 6 12 18,https://www.ncei.noaa.gov/thredds/catalog/model-cfs_v2_for_mm/catalog.xml,https://www.ncei.noaa.gov/thredds/fileServer/model-cfs_v2_for_mm/2019/201906/20190630/2019063000/flxf.01.2019063000.201907.avrg.grib.grb2 https://www.ncei.noaa.gov/thredds/fileServer/model-cfs_v2_for_mm/2019/201906/20190630/2019063006/flxf.01.2019063006.201907.avrg.grib.grb2 https://www.ncei.noaa.gov/thredds/fileServer/model-cfs_v2_for_mm/2019/201906/20190630/2019063012/flxf.01.2019063012.201907.avrg.grib.grb2 https://www.ncei.noaa.gov/thredds/fileServer/model-cfs_v2_for_mm/2019/201906/20190630/2019063018/flxf.01.2019063018.201907.avrg.grib.grb2,volumetric soil moisture proportion,"CFSv2 flxf soilw first-meter approximation from the first three depthBelowLandLayer records, weighted as 0-10, 10-40, and 40-100 cm.",0.1416844025435588,-0.01814039410427716
2019-08-01,2019-07-01,2019-07-31,2019-07-31 18:00:00,1,mediterranean_spain,NCEI_CFSv2_monthly_flxf_soilw,0.11320828873384287,0.0024391814093644767,4,0 6 12 18,https://www.ncei.noaa.gov/thredds/catalog/model-cfs_v2_for_mm/catalog.xml,https://www.ncei.noaa.gov/thredds/fileServer/model-cfs_v2_for_mm/2019/201907/20190731/2019073100/flxf.01.2019073100.201908.avrg.grib.grb2 https://www.ncei.noaa.gov/thredds/fileServer/model-cfs_v2_for_mm/2019/201907/20190731/2019073106/flxf.01.2019073106.201908.avrg.grib.grb2 https://www.ncei.noaa.gov/thredds/fileServer/model-cfs_v2_for_mm/2019/201907/20190731/2019073112/flxf.01.2019073112.201908.avrg.grib.grb2 https://www.ncei.noaa.gov/thredds/fileServer/model-cfs_v2_for_mm/2019/201907/20190731/2019073118/flxf.01.2019073118.201908.avrg.grib.grb2,volumetric soil moisture proportion,"CFSv2 flxf soilw first-meter approximation from the first three depthBelowLandLayer records, weighted as 0-10, 10-40, and 40-100 cm.",0.12506620433648052,-0.011857915602637659
2019-09-01,2019-08-01,2019-08-31,2019-08-31 18:00:00,1,mediterranean_spain,NCEI_CFSv2_monthly_flxf_soilw,0.1117981786383303,0.003987887477438979,4,0 6 12 18,https://www.ncei.noaa.gov/thredds/catalog/model-cfs_v2_for_mm/catalog.xml,https://www.ncei.noaa.gov/thredds/fileServer/model-cfs_v2_for_mm/2019/201908/20190831/2019083100/flxf.01.2019083100.201909.avrg.grib.grb2 https://www.ncei.noaa.gov/thredds/fileServer/model-cfs_v2_for_mm/2019/201908/20190831/2019083106/flxf.01.2019083106.201909.avrg.grib.grb2 https://www.ncei.noaa.gov/thredds/fileServer/model-cfs_v2_for_mm/2019/201908/20190831/2019083112/flxf.01.2019083112.201909.avrg.grib.grb2 https://www.ncei.noaa.gov/thredds/fileServer/model-cfs_v2_for_mm/2019/201908/20190831/2019083118/flxf.01.2019083118.201909.avrg.grib.grb2,volumetric soil moisture proportion,"CFSv2 flxf soilw first-meter approximation from the first three depthBelowLandLayer records, weighted as 0-10, 10-40, and 40-100 cm.",0.12485801040849989,-0.013059831770169589
2019-10-01,2019-09-01,2019-09-30,2019-09-30 18:00:00,1,mediterranean_spain,NCEI_CFSv2_monthly_flxf_soilw,0.12655504829665,0.0049533683416150285,4,0 6 12 18,https://www.ncei.noaa.gov/thredds/catalog/model-cfs_v2_for_mm/catalog.xml,https://www.ncei.noaa.gov/thredds/fileServer/model-cfs_v2_for_mm/2019/201909/20190930/2019093000/flxf.01.2019093000.201910.avrg.grib.grb2 https://www.ncei.noaa.gov/thredds/fileServer/model-cfs_v2_for_mm/2019/201909/20190930/2019093006/flxf.01.2019093006.201910.avrg.grib.grb2 https://www.ncei.noaa.gov/thredds/fileServer/model-cfs_v2_for_mm/2019/201909/20190930/2019093012/flxf.01.2019093012.201910.avrg.grib.grb2 https://www.ncei.noaa.gov/thredds/fileServer/model-cfs_v2_for_mm/2019/201909/20190930/2019093018/flxf.01.2019093018.201910.avrg.grib.grb2,volumetric soil moisture proportion,"CFSv2 flxf soilw first-meter approximation from the first three depthBelowLandLayer records, weighted as 0-10, 10-40, and 40-100 cm.",0.13112067120761198,-0.004565622910961964
2019-11-01,2019-10-01,2019-10-31,2019-10-31 18:00:00,1,mediterranean_spain,NCEI_CFSv2_monthly_flxf_soilw,0.14729755745665551,0.00211617307251246,4,0 6 12 18,https://www.ncei.noaa.gov/thredds/catalog/model-cfs_v2_for_mm/catalog.xml,https://www.ncei.noaa.gov/thredds/fileServer/model-cfs_v2_for_mm/2019/201910/20191031/2019103100/flxf.01.2019103100.201911.avrg.grib.grb2 https://www.ncei.noaa.gov/thredds/fileServer/model-cfs_v2_for_mm/2019/201910/20191031/2019103106/flxf.01.2019103106.201911.avrg.grib.grb2 https://www.ncei.noaa.gov/thredds/fileServer/model-cfs_v2_for_mm/2019/201910/20191031/2019103112/flxf.01.2019103112.201911.avrg.grib.grb2 https://www.ncei.noaa.gov/thredds/fileServer/model-cfs_v2_for_mm/2019/201910/20191031/2019103118/flxf.01.2019103118.201911.avrg.grib.grb2,volumetric soil moisture proportion,"CFSv2 flxf soilw first-meter approximation from the first three depthBelowLandLayer records, weighted as 0-10, 10-40, and 40-100 cm.",0.15166752928600546,-0.00436997182934995
2019-12-01,2019-11-01,2019-11-30,2019-11-30 18:00:00,1,mediterranean_spain,NCEI_CFSv2_monthly_flxf_soilw,0.1803753151274846,0.0054011918479296445,4,0 6 12 18,https://www.ncei.noaa.gov/thredds/catalog/model-cfs_v2_for_mm/catalog.xml,https://www.ncei.noaa.gov/thredds/fileServer/model-cfs_v2_for_mm/2019/201911/20191130/2019113000/flxf.01.2019113000.201912.avrg.grib.grb2 https://www.ncei.noaa.gov/thredds/fileServer/model-cfs_v2_for_mm/2019/201911/20191130/2019113006/flxf.01.2019113006.201912.avrg.grib.grb2 https://www.ncei.noaa.gov/thredds/fileServer/model-cfs_v2_for_mm/2019/201911/20191130/2019113012/flxf.01.2019113012.201912.avrg.grib.grb2 https://www.ncei.noaa.gov/thredds/fileServer/model-cfs_v2_for_mm/2019/201911/20191130/2019113018/flxf.01.2019113018.201912.avrg.grib.grb2,volumetric soil moisture proportion,"CFSv2 flxf soilw first-meter approximation from the first three depthBelowLandLayer records, weighted as 0-10, 10-40, and 40-100 cm.",0.17208640818583687,0.008288906941647717
2020-01-01,2019-12-01,2019-12-31,2019-12-31 18:00:00,1,mediterranean_spain,NCEI_CFSv2_monthly_flxf_soilw,0.19581716630738227,0.0017259736461097837,4,0 6 12 18,https://www.ncei.noaa.gov/thredds/catalog/model-cfs_v2_for_mm/catalog.xml,https://www.ncei.noaa.gov/thredds/fileServer/model-cfs_v2_for_mm/2019/201912/20191231/2019123100/flxf.01.2019123100.202001.avrg.grib.grb2 https://www.ncei.noaa.gov/thredds/fileServer/model-cfs_v2_for_mm/2019/201912/20191231/2019123106/flxf.01.2019123106.202001.avrg.grib.grb2 https://www.ncei.noaa.gov/thredds/fileServer/model-cfs_v2_for_mm/2019/201912/20191231/2019123112/flxf.01.2019123112.202001.avrg.grib.grb2 https://www.ncei.noaa.gov/thredds/fileServer/model-cfs_v2_for_mm/2019/201912/20191231/2019123118/flxf.01.2019123118.202001.avrg.grib.grb2,volumetric soil moisture proportion,"CFSv2 flxf soilw first-meter approximation from the first three depthBelowLandLayer records, weighted as 0-10, 10-40, and 40-100 cm.",0.18764784261013684,0.008169323697245434
2020-02-01,2020-01-01,2020-01-31,2020-01-31 18:00:00,1,mediterranean_spain,NCEI_CFSv2_monthly_flxf_soilw,0.2087375281712182,0.002853160706994873,4,0 6 12 18,https://www.ncei.noaa.gov/thredds/catalog/model-cfs_v2_for_mm/catalog.xml,https://www.ncei.noaa.gov/thredds/fileServer/model-cfs_v2_for_mm/2020/202001/20200131/2020013100/flxf.01.2020013100.202002.avrg.grib.grb2 https://www.ncei.noaa.gov/thredds/fileServer/model-cfs_v2_for_mm/2020/202001/20200131/2020013106/flxf.01.2020013106.202002.avrg.grib.grb2 https://www.ncei.noaa.gov/thredds/fileServer/model-cfs_v2_for_mm/2020/202001/20200131/2020013112/flxf.01.2020013112.202002.avrg.grib.grb2 https://www.ncei.noaa.gov/thredds/fileServer/model-cfs_v2_for_mm/2020/202001/20200131/2020013118/flxf.01.2020013118.202002.avrg.grib.grb2,volumetric soil moisture proportion,"CFSv2 flxf soilw first-meter approximation from the first three depthBelowLandLayer records, weighted as 0-10, 10-40, and 40-100 cm.",0.19911200743140975,0.009625520739808463
2020-03-01,2020-02-01,2020-02-29,2020-02-29 18:00:00,1,mediterranean_spain,NCEI_CFSv2_monthly_flxf_soilw,0.20292154705016774,0.004038368653666325,4,0 6 12 18,https://www.ncei.noaa.gov/thredds/catalog/model-cfs_v2_for_mm/catalog.xml,https://www.ncei.noaa.gov/thredds/fileServer/model-cfs_v2_for_mm/2020/202002/20200229/2020022900/flxf.01.2020022900.202003.avrg.grib.grb2 https://www.ncei.noaa.gov/thredds/fileServer/model-cfs_v2_for_mm/2020/202002/20200229/2020022906/flxf.01.2020022906.202003.avrg.grib.grb2 https://www.ncei.noaa.gov/thredds/fileServer/model-cfs_v2_for_mm/2020/202002/20200229/2020022912/flxf.01.2020022912.202003.avrg.grib.grb2 https://www.ncei.noaa.gov/thredds/fileServer/model-cfs_v2_for_mm/2020/202002/20200229/2020022918/flxf.01.2020022918.202003.avrg.grib.grb2,volumetric soil moisture proportion,"CFSv2 flxf soilw first-meter approximation from the first three depthBelowLandLayer records, weighted as 0-10, 10-40, and 40-100 cm.",0.19811784482994252,0.00480370222022522
2020-04-01,2020-03-01,2020-03-31,2020-03-31 18:00:00,1,mediterranean_spain,NCEI_CFSv2_monthly_flxf_soilw,0.21964694616746125,0.0059142649616679465,4,0 6 12 18,https://www.ncei.noaa.gov/thredds/catalog/model-cfs_v2_for_mm/catalog.xml,https://www.ncei.noaa.gov/thredds/fileServer/model-cfs_v2_for_mm/2020/202003/20200331/2020033100/flxf.01.2020033100.202004.avrg.grib.grb2 https://www.ncei.noaa.gov/thredds/fileServer/model-cfs_v2_for_mm/2020/202003/20200331/2020033106/flxf.01.2020033106.202004.avrg.grib.grb2 https://www.ncei.noaa.gov/thredds/fileServer/model-cfs_v2_for_mm/2020/202003/20200331/2020033112/flxf.01.2020033112.202004.avrg.grib.grb2 https://www.ncei.noaa.gov/thredds/fileServer/model-cfs_v2_for_mm/2020/202003/20200331/2020033118/flxf.01.2020033118.202004.avrg.grib.grb2,volumetric soil moisture proportion,"CFSv2 flxf soilw first-meter approximation from the first three depthBelowLandLayer records, weighted as 0-10, 10-40, and 40-100 cm.",0.2017033005337539,0.017943645633707345
2020-05-01,2020-04-01,2020-04-30,2020-04-30 18:00:00,1,mediterranean_spain,NCEI_CFSv2_monthly_flxf_soilw,0.20376091427037474,0.003706563811999761,4,0 6 12 18,https://www.ncei.noaa.gov/thredds/catalog/model-cfs_v2_for_mm/catalog.xml,https://www.ncei.noaa.gov/thredds/fileServer/model-cfs_v2_for_mm/2020/202004/20200430/2020043000/flxf.01.2020043000.202005.avrg.grib.grb2 https://www.ncei.noaa.gov/thredds/fileServer/model-cfs_v2_for_mm/2020/202004/20200430/2020043006/flxf.01.2020043006.202005.avrg.grib.grb2 https://www.ncei.noaa.gov/thredds/fileServer/model-cfs_v2_for_mm/2020/202004/20200430/2020043012/flxf.01.2020043012.202005.avrg.grib.grb2 https://www.ncei.noaa.gov/thredds/fileServer/model-cfs_v2_for_mm/2020/202004/20200430/2020043018/flxf.01.2020043018.202005.avrg.grib.grb2,volumetric soil moisture proportion,"CFSv2 flxf soilw first-meter approximation from the first three depthBelowLandLayer records, weighted as 0-10, 10-40, and 40-100 cm.",0.18734691876859724,0.016413995501777495
2020-06-01,2020-05-01,2020-05-31,2020-05-31 18:00:00,1,mediterranean_spain,NCEI_CFSv2_monthly_flxf_soilw,0.19113321377736106,0.003096069892471986,4,0 6 12 18,https://www.ncei.noaa.gov/thredds/catalog/model-cfs_v2_for_mm/catalog.xml,https://www.ncei.noaa.gov/thredds/fileServer/model-cfs_v2_for_mm/2020/202005/20200531/2020053100/flxf.01.2020053100.202006.avrg.grib.grb2 https://www.ncei.noaa.gov/thredds/fileServer/model-cfs_v2_for_mm/2020/202005/20200531/2020053106/flxf.01.2020053106.202006.avrg.grib.grb2 https://www.ncei.noaa.gov/thredds/fileServer/model-cfs_v2_for_mm/2020/202005/20200531/2020053112/flxf.01.2020053112.202006.avrg.grib.grb2 https://www.ncei.noaa.gov/thredds/fileServer/model-cfs_v2_for_mm/2020/202005/20200531/2020053118/flxf.01.2020053118.202006.avrg.grib.grb2,volumetric soil moisture proportion,"CFSv2 flxf soilw first-meter approximation from the first three depthBelowLandLayer records, weighted as 0-10, 10-40, and 40-100 cm.",0.18184260312463216,0.009290610652728903
2020-07-01,2020-06-01,2020-06-30,2020-06-30 18:00:00,1,mediterranean_spain,NCEI_CFSv2_monthly_flxf_soilw,0.15270690533463546,0.002532791106983418,4,0 6 12 18,https://www.ncei.noaa.gov/thredds/catalog/model-cfs_v2_for_mm/catalog.xml,https://www.ncei.noaa.gov/thredds/fileServer/model-cfs_v2_for_mm/2020/202006/20200630/2020063000/flxf.01.2020063000.202007.avrg.grib.grb2 https://www.ncei.noaa.gov/thredds/fileServer/model-cfs_v2_for_mm/2020/202006/20200630/2020063006/flxf.01.2020063006.202007.avrg.grib.grb2 https://www.ncei.noaa.gov/thredds/fileServer/model-cfs_v2_for_mm/2020/202006/20200630/2020063012/flxf.01.2020063012.202007.avrg.grib.grb2 https://www.ncei.noaa.gov/thredds/fileServer/model-cfs_v2_for_mm/2020/202006/20200630/2020063018/flxf.01.2020063018.202007.avrg.grib.grb2,volumetric soil moisture proportion,"CFSv2 flxf soilw first-meter approximation from the first three depthBelowLandLayer records, weighted as 0-10, 10-40, and 40-100 cm.",0.1416844025435588,0.011022502791076666
2020-08-01,2020-07-01,2020-07-31,2020-07-31 18:00:00,1,mediterranean_spain,NCEI_CFSv2_monthly_flxf_soilw,0.12957751596171582,0.001998266278985259,4,0 6 12 18,https://www.ncei.noaa.gov/thredds/catalog/model-cfs_v2_for_mm/catalog.xml,https://www.ncei.noaa.gov/thredds/fileServer/model-cfs_v2_for_mm/2020/202007/20200731/2020073100/flxf.01.2020073100.202008.avrg.grib.grb2 https://www.ncei.noaa.gov/thredds/fileServer/model-cfs_v2_for_mm/2020/202007/20200731/2020073106/flxf.01.2020073106.202008.avrg.grib.grb2 https://www.ncei.noaa.gov/thredds/fileServer/model-cfs_v2_for_mm/2020/202007/20200731/2020073112/flxf.01.2020073112.202008.avrg.grib.grb2 https://www.ncei.noaa.gov/thredds/fileServer/model-cfs_v2_for_mm/2020/202007/20200731/2020073118/flxf.01.2020073118.202008.avrg.grib.grb2,volumetric soil moisture proportion,"CFSv2 flxf soilw first-meter approximation from the first three depthBelowLandLayer records, weighted as 0-10, 10-40, and 40-100 cm.",0.12506620433648052,0.004511311625235298
2020-09-01,2020-08-01,2020-08-31,2020-08-31 18:00:00,1,mediterranean_spain,NCEI_CFSv2_monthly_flxf_soilw,0.12668924673544127,0.002123724043414816,4,0 6 12 18,https://www.ncei.noaa.gov/thredds/catalog/model-cfs_v2_for_mm/catalog.xml,https://www.ncei.noaa.gov/thredds/fileServer/model-cfs_v2_for_mm/2020/202008/20200831/2020083100/flxf.01.2020083100.202009.avrg.grib.grb2 https://www.ncei.noaa.gov/thredds/fileServer/model-cfs_v2_for_mm/2020/202008/20200831/2020083106/flxf.01.2020083106.202009.avrg.grib.grb2 https://www.ncei.noaa.gov/thredds/fileServer/model-cfs_v2_for_mm/2020/202008/20200831/2020083112/flxf.01.2020083112.202009.avrg.grib.grb2 https://www.ncei.noaa.gov/thredds/fileServer/model-cfs_v2_for_mm/2020/202008/20200831/2020083118/flxf.01.2020083118.202009.avrg.grib.grb2,volumetric soil moisture proportion,"CFSv2 flxf soilw first-meter approximation from the first three depthBelowLandLayer records, weighted as 0-10, 10-40, and 40-100 cm.",0.12485801040849989,0.0018312363269413767
2020-10-01,2020-09-01,2020-09-30,2020-09-30 18:00:00,1,mediterranean_spain,NCEI_CFSv2_monthly_flxf_soilw,0.13685475203446812,0.008090662280554493,4,0 6 12 18,https://www.ncei.noaa.gov/thredds/catalog/model-cfs_v2_for_mm/catalog.xml,https://www.ncei.noaa.gov/thredds/fileServer/model-cfs_v2_for_mm/2020/202009/20200930/2020093000/flxf.01.2020093000.202010.avrg.grib.grb2 https://www.ncei.noaa.gov/thredds/fileServer/model-cfs_v2_for_mm/2020/202009/20200930/2020093006/flxf.01.2020093006.202010.avrg.grib.grb2 https://www.ncei.noaa.gov/thredds/fileServer/model-cfs_v2_for_mm/2020/202009/20200930/2020093012/flxf.01.2020093012.202010.avrg.grib.grb2 https://www.ncei.noaa.gov/thredds/fileServer/model-cfs_v2_for_mm/2020/202009/20200930/2020093018/flxf.01.2020093018.202010.avrg.grib.grb2,volumetric soil moisture proportion,"CFSv2 flxf soilw first-meter approximation from the first three depthBelowLandLayer records, weighted as 0-10, 10-40, and 40-100 cm.",0.13112067120761198,0.005734080826856142
2020-11-01,2020-10-01,2020-10-31,2020-10-31 18:00:00,1,mediterranean_spain,NCEI_CFSv2_monthly_flxf_soilw,0.15074660008567686,0.005146007917505055,4,0 6 12 18,https://www.ncei.noaa.gov/thredds/catalog/model-cfs_v2_for_mm/catalog.xml,https://www.ncei.noaa.gov/thredds/fileServer/model-cfs_v2_for_mm/2020/202010/20201031/2020103100/flxf.01.2020103100.202011.avrg.grib.grb2 https://www.ncei.noaa.gov/thredds/fileServer/model-cfs_v2_for_mm/2020/202010/20201031/2020103106/flxf.01.2020103106.202011.avrg.grib.grb2 https://www.ncei.noaa.gov/thredds/fileServer/model-cfs_v2_for_mm/2020/202010/20201031/2020103112/flxf.01.2020103112.202011.avrg.grib.grb2 https://www.ncei.noaa.gov/thredds/fileServer/model-cfs_v2_for_mm/2020/202010/20201031/2020103118/flxf.01.2020103118.202011.avrg.grib.grb2,volumetric soil moisture proportion,"CFSv2 flxf soilw first-meter approximation from the first three depthBelowLandLayer records, weighted as 0-10, 10-40, and 40-100 cm.",0.15166752928600546,-0.0009209292003286018
2021-01-01,2020-12-01,2020-12-31,2020-12-31 18:00:00,1,mediterranean_spain,NCEI_CFSv2_monthly_flxf_soilw,0.1917574036112271,0.005950575648488084,4,0 6 12 18,https://www.ncei.noaa.gov/thredds/catalog/model-cfs_v2_for_mm/catalog.xml,https://www.ncei.noaa.gov/thredds/fileServer/model-cfs_v2_for_mm/2020/202012/20201231/2020123100/flxf.01.2020123100.202101.avrg.grib.grb2 https://www.ncei.noaa.gov/thredds/fileServer/model-cfs_v2_for_mm/2020/202012/20201231/2020123106/flxf.01.2020123106.202101.avrg.grib.grb2 https://www.ncei.noaa.gov/thredds/fileServer/model-cfs_v2_for_mm/2020/202012/20201231/2020123112/flxf.01.2020123112.202101.avrg.grib.grb2 https://www.ncei.noaa.gov/thredds/fileServer/model-cfs_v2_for_mm/2020/202012/20201231/2020123118/flxf.01.2020123118.202101.avrg.grib.grb2,volumetric soil moisture proportion,"CFSv2 flxf soilw first-meter approximation from the first three depthBelowLandLayer records, weighted as 0-10, 10-40, and 40-100 cm.",0.18764784261013684,0.004109561001090251
2021-02-01,2021-01-01,2021-01-31,2021-01-31 18:00:00,1,mediterranean_spain,NCEI_CFSv2_monthly_flxf_soilw,0.20916532670051802,0.003685720063398032,4,0 6 12 18,https://www.ncei.noaa.gov/thredds/catalog/model-cfs_v2_for_mm/catalog.xml,https://www.ncei.noaa.gov/thredds/fileServer/model-cfs_v2_for_mm/2021/202101/20210131/2021013100/flxf.01.2021013100.202102.avrg.grib.grb2 https://www.ncei.noaa.gov/thredds/fileServer/model-cfs_v2_for_mm/2021/202101/20210131/2021013106/flxf.01.2021013106.202102.avrg.grib.grb2 https://www.ncei.noaa.gov/thredds/fileServer/model-cfs_v2_for_mm/2021/202101/20210131/2021013112/flxf.01.2021013112.202102.avrg.grib.grb2 https://www.ncei.noaa.gov/thredds/fileServer/model-cfs_v2_for_mm/2021/202101/20210131/2021013118/flxf.01.2021013118.202102.avrg.grib.grb2,volumetric soil moisture proportion,"CFSv2 flxf soilw first-meter approximation from the first three depthBelowLandLayer records, weighted as 0-10, 10-40, and 40-100 cm.",0.19911200743140975,0.010053319269108268
2021-03-01,2021-02-01,2021-02-28,2021-02-28 18:00:00,1,mediterranean_spain,NCEI_CFSv2_monthly_flxf_soilw,0.20641638743659868,0.0049023660533115115,4,0 6 12 18,https://www.ncei.noaa.gov/thredds/catalog/model-cfs_v2_for_mm/catalog.xml,https://www.ncei.noaa.gov/thredds/fileServer/model-cfs_v2_for_mm/2021/202102/20210228/2021022800/flxf.01.2021022800.202103.avrg.grib.grb2 https://www.ncei.noaa.gov/thredds/fileServer/model-cfs_v2_for_mm/2021/202102/20210228/2021022806/flxf.01.2021022806.202103.avrg.grib.grb2 https://www.ncei.noaa.gov/thredds/fileServer/model-cfs_v2_for_mm/2021/202102/20210228/2021022812/flxf.01.2021022812.202103.avrg.grib.grb2 https://www.ncei.noaa.gov/thredds/fileServer/model-cfs_v2_for_mm/2021/202102/20210228/2021022818/flxf.01.2021022818.202103.avrg.grib.grb2,volumetric soil moisture proportion,"CFSv2 flxf soilw first-meter approximation from the first three depthBelowLandLayer records, weighted as 0-10, 10-40, and 40-100 cm.",0.19811784482994252,0.008298542606656162
2021-04-01,2021-03-01,2021-03-31,2021-03-31 18:00:00,1,mediterranean_spain,NCEI_CFSv2_monthly_flxf_soilw,0.1904090073626416,0.00547808755991717,4,0 6 12 18,https://www.ncei.noaa.gov/thredds/catalog/model-cfs_v2_for_mm/catalog.xml,https://www.ncei.noaa.gov/thredds/fileServer/model-cfs_v2_for_mm/2021/202103/20210331/2021033100/flxf.01.2021033100.202104.avrg.grib.grb2 https://www.ncei.noaa.gov/thredds/fileServer/model-cfs_v2_for_mm/2021/202103/20210331/2021033106/flxf.01.2021033106.202104.avrg.grib.grb2 https://www.ncei.noaa.gov/thredds/fileServer/model-cfs_v2_for_mm/2021/202103/20210331/2021033112/flxf.01.2021033112.202104.avrg.grib.grb2 https://www.ncei.noaa.gov/thredds/fileServer/model-cfs_v2_for_mm/2021/202103/20210331/2021033118/flxf.01.2021033118.202104.avrg.grib.grb2,volumetric soil moisture proportion,"CFSv2 flxf soilw first-meter approximation from the first three depthBelowLandLayer records, weighted as 0-10, 10-40, and 40-100 cm.",0.2017033005337539,-0.011294293171112302
2021-05-01,2021-04-01,2021-04-30,2021-04-30 18:00:00,1,mediterranean_spain,NCEI_CFSv2_monthly_flxf_soilw,0.19337131895405196,0.007599832429844567,4,0 6 12 18,https://www.ncei.noaa.gov/thredds/catalog/model-cfs_v2_for_mm/catalog.xml,https://www.ncei.noaa.gov/thredds/fileServer/model-cfs_v2_for_mm/2021/202104/20210430/2021043000/flxf.01.2021043000.202105.avrg.grib.grb2 https://www.ncei.noaa.gov/thredds/fileServer/model-cfs_v2_for_mm/2021/202104/20210430/2021043006/flxf.01.2021043006.202105.avrg.grib.grb2 https://www.ncei.noaa.gov/thredds/fileServer/model-cfs_v2_for_mm/2021/202104/20210430/2021043012/flxf.01.2021043012.202105.avrg.grib.grb2 https://www.ncei.noaa.gov/thredds/fileServer/model-cfs_v2_for_mm/2021/202104/20210430/2021043018/flxf.01.2021043018.202105.avrg.grib.grb2,volumetric soil moisture proportion,"CFSv2 flxf soilw first-meter approximation from the first three depthBelowLandLayer records, weighted as 0-10, 10-40, and 40-100 cm.",0.18734691876859724,0.00602440018545472
2021-06-01,2021-05-01,2021-05-31,2021-05-31 18:00:00,1,mediterranean_spain,NCEI_CFSv2_monthly_flxf_soilw,0.16991163395505876,0.0032287503303123355,4,0 6 12 18,https://www.ncei.noaa.gov/thredds/catalog/model-cfs_v2_for_mm/catalog.xml,https://www.ncei.noaa.gov/thredds/fileServer/model-cfs_v2_for_mm/2021/202105/20210531/2021053100/flxf.01.2021053100.202106.avrg.grib.grb2 https://www.ncei.noaa.gov/thredds/fileServer/model-cfs_v2_for_mm/2021/202105/20210531/2021053106/flxf.01.2021053106.202106.avrg.grib.grb2 https://www.ncei.noaa.gov/thredds/fileServer/model-cfs_v2_for_mm/2021/202105/20210531/2021053112/flxf.01.2021053112.202106.avrg.grib.grb2 https://www.ncei.noaa.gov/thredds/fileServer/model-cfs_v2_for_mm/2021/202105/20210531/2021053118/flxf.01.2021053118.202106.avrg.grib.grb2,volumetric soil moisture proportion,"CFSv2 flxf soilw first-meter approximation from the first three depthBelowLandLayer records, weighted as 0-10, 10-40, and 40-100 cm.",0.18184260312463216,-0.011930969169573397
2021-07-01,2021-06-01,2021-06-30,2021-06-30 18:00:00,1,mediterranean_spain,NCEI_CFSv2_monthly_flxf_soilw,0.132245961317046,0.001106163278116945,4,0 6 12 18,https://www.ncei.noaa.gov/thredds/catalog/model-cfs_v2_for_mm/catalog.xml,https://www.ncei.noaa.gov/thredds/fileServer/model-cfs_v2_for_mm/2021/202106/20210630/2021063000/flxf.01.2021063000.202107.avrg.grib.grb2 https://www.ncei.noaa.gov/thredds/fileServer/model-cfs_v2_for_mm/2021/202106/20210630/2021063006/flxf.01.2021063006.202107.avrg.grib.grb2 https://www.ncei.noaa.gov/thredds/fileServer/model-cfs_v2_for_mm/2021/202106/20210630/2021063012/flxf.01.2021063012.202107.avrg.grib.grb2 https://www.ncei.noaa.gov/thredds/fileServer/model-cfs_v2_for_mm/2021/202106/20210630/2021063018/flxf.01.2021063018.202107.avrg.grib.grb2,volumetric soil moisture proportion,"CFSv2 flxf soilw first-meter approximation from the first three depthBelowLandLayer records, weighted as 0-10, 10-40, and 40-100 cm.",0.1416844025435588,-0.0094384412265128
2021-08-01,2021-07-01,2021-07-31,2021-07-31 18:00:00,1,mediterranean_spain,NCEI_CFSv2_monthly_flxf_soilw,0.11803589463062521,0.001438868751096098,4,0 6 12 18,https://www.ncei.noaa.gov/thredds/catalog/model-cfs_v2_for_mm/catalog.xml,https://www.ncei.noaa.gov/thredds/fileServer/model-cfs_v2_for_mm/2021/202107/20210731/2021073100/flxf.01.2021073100.202108.avrg.grib.grb2 https://www.ncei.noaa.gov/thredds/fileServer/model-cfs_v2_for_mm/2021/202107/20210731/2021073106/flxf.01.2021073106.202108.avrg.grib.grb2 https://www.ncei.noaa.gov/thredds/fileServer/model-cfs_v2_for_mm/2021/202107/20210731/2021073112/flxf.01.2021073112.202108.avrg.grib.grb2 https://www.ncei.noaa.gov/thredds/fileServer/model-cfs_v2_for_mm/2021/202107/20210731/2021073118/flxf.01.2021073118.202108.avrg.grib.grb2,volumetric soil moisture proportion,"CFSv2 flxf soilw first-meter approximation from the first three depthBelowLandLayer records, weighted as 0-10, 10-40, and 40-100 cm.",0.12506620433648052,-0.007030309705855317
2021-09-01,2021-08-01,2021-08-31,2021-08-31 18:00:00,1,mediterranean_spain,NCEI_CFSv2_monthly_flxf_soilw,0.12454581249739402,0.007171711818160249,4,0 6 12 18,https://www.ncei.noaa.gov/thredds/catalog/model-cfs_v2_for_mm/catalog.xml,https://www.ncei.noaa.gov/thredds/fileServer/model-cfs_v2_for_mm/2021/202108/20210831/2021083100/flxf.01.2021083100.202109.avrg.grib.grb2 https://www.ncei.noaa.gov/thredds/fileServer/model-cfs_v2_for_mm/2021/202108/20210831/2021083106/flxf.01.2021083106.202109.avrg.grib.grb2 https://www.ncei.noaa.gov/thredds/fileServer/model-cfs_v2_for_mm/2021/202108/20210831/2021083112/flxf.01.2021083112.202109.avrg.grib.grb2 https://www.ncei.noaa.gov/thredds/fileServer/model-cfs_v2_for_mm/2021/202108/20210831/2021083118/flxf.01.2021083118.202109.avrg.grib.grb2,volumetric soil moisture proportion,"CFSv2 flxf soilw first-meter approximation from the first three depthBelowLandLayer records, weighted as 0-10, 10-40, and 40-100 cm.",0.12485801040849989,-0.00031219791110587147
2021-10-01,2021-09-01,2021-09-30,2021-09-30 18:00:00,1,mediterranean_spain,NCEI_CFSv2_monthly_flxf_soilw,0.12984032895796566,0.0036940526387939303,4,0 6 12 18,https://www.ncei.noaa.gov/thredds/catalog/model-cfs_v2_for_mm/catalog.xml,https://www.ncei.noaa.gov/thredds/fileServer/model-cfs_v2_for_mm/2021/202109/20210930/2021093000/flxf.01.2021093000.202110.avrg.grib.grb2 https://www.ncei.noaa.gov/thredds/fileServer/model-cfs_v2_for_mm/2021/202109/20210930/2021093006/flxf.01.2021093006.202110.avrg.grib.grb2 https://www.ncei.noaa.gov/thredds/fileServer/model-cfs_v2_for_mm/2021/202109/20210930/2021093012/flxf.01.2021093012.202110.avrg.grib.grb2 https://www.ncei.noaa.gov/thredds/fileServer/model-cfs_v2_for_mm/2021/202109/20210930/2021093018/flxf.01.2021093018.202110.avrg.grib.grb2,volumetric soil moisture proportion,"CFSv2 flxf soilw first-meter approximation from the first three depthBelowLandLayer records, weighted as 0-10, 10-40, and 40-100 cm.",0.13112067120761198,-0.0012803422496463213
2021-11-01,2021-10-01,2021-10-31,2021-10-31 18:00:00,1,mediterranean_spain,NCEI_CFSv2_monthly_flxf_soilw,0.15169648347434056,0.0018285420375478815,4,0 6 12 18,https://www.ncei.noaa.gov/thredds/catalog/model-cfs_v2_for_mm/catalog.xml,https://www.ncei.noaa.gov/thredds/fileServer/model-cfs_v2_for_mm/2021/202110/20211031/2021103100/flxf.01.2021103100.202111.avrg.grib.grb2 https://www.ncei.noaa.gov/thredds/fileServer/model-cfs_v2_for_mm/2021/202110/20211031/2021103106/flxf.01.2021103106.202111.avrg.grib.grb2 https://www.ncei.noaa.gov/thredds/fileServer/model-cfs_v2_for_mm/2021/202110/20211031/2021103112/flxf.01.2021103112.202111.avrg.grib.grb2 https://www.ncei.noaa.gov/thredds/fileServer/model-cfs_v2_for_mm/2021/202110/20211031/2021103118/flxf.01.2021103118.202111.avrg.grib.grb2,volumetric soil moisture proportion,"CFSv2 flxf soilw first-meter approximation from the first three depthBelowLandLayer records, weighted as 0-10, 10-40, and 40-100 cm.",0.15166752928600546,2.895418833509522e-05
2021-12-01,2021-11-01,2021-11-30,2021-11-30 18:00:00,1,mediterranean_spain,NCEI_CFSv2_monthly_flxf_soilw,0.1671291383263536,0.005804113124854002,4,0 6 12 18,https://www.ncei.noaa.gov/thredds/catalog/model-cfs_v2_for_mm/catalog.xml,https://www.ncei.noaa.gov/thredds/fileServer/model-cfs_v2_for_mm/2021/202111/20211130/2021113000/flxf.01.2021113000.202112.avrg.grib.grb2 https://www.ncei.noaa.gov/thredds/fileServer/model-cfs_v2_for_mm/2021/202111/20211130/2021113006/flxf.01.2021113006.202112.avrg.grib.grb2 https://www.ncei.noaa.gov/thredds/fileServer/model-cfs_v2_for_mm/2021/202111/20211130/2021113012/flxf.01.2021113012.202112.avrg.grib.grb2 https://www.ncei.noaa.gov/thredds/fileServer/model-cfs_v2_for_mm/2021/202111/20211130/2021113018/flxf.01.2021113018.202112.avrg.grib.grb2,volumetric soil moisture proportion,"CFSv2 flxf soilw first-meter approximation from the first three depthBelowLandLayer records, weighted as 0-10, 10-40, and 40-100 cm.",0.17208640818583687,-0.0049572698594832765
2022-01-01,2021-12-01,2021-12-31,2021-12-31 18:00:00,1,mediterranean_spain,NCEI_CFSv2_monthly_flxf_soilw,0.1761373872765066,0.002105926179699336,4,0 6 12 18,https://www.ncei.noaa.gov/thredds/catalog/model-cfs_v2_for_mm/catalog.xml,https://www.ncei.noaa.gov/thredds/fileServer/model-cfs_v2_for_mm/2021/202112/20211231/2021123100/flxf.01.2021123100.202201.avrg.grib.grb2 https://www.ncei.noaa.gov/thredds/fileServer/model-cfs_v2_for_mm/2021/202112/20211231/2021123106/flxf.01.2021123106.202201.avrg.grib.grb2 https://www.ncei.noaa.gov/thredds/fileServer/model-cfs_v2_for_mm/2021/202112/20211231/2021123112/flxf.01.2021123112.202201.avrg.grib.grb2 https://www.ncei.noaa.gov/thredds/fileServer/model-cfs_v2_for_mm/2021/202112/20211231/2021123118/flxf.01.2021123118.202201.avrg.grib.grb2,volumetric soil moisture proportion,"CFSv2 flxf soilw first-meter approximation from the first three depthBelowLandLayer records, weighted as 0-10, 10-40, and 40-100 cm.",0.18764784261013684,-0.011510455333630237
2022-02-01,2022-01-01,2022-01-31,2022-01-31 18:00:00,1,mediterranean_spain,NCEI_CFSv2_monthly_flxf_soilw,0.1625993561462015,0.0016437751714214427,4,0 6 12 18,https://www.ncei.noaa.gov/thredds/catalog/model-cfs_v2_for_mm/catalog.xml,https://www.ncei.noaa.gov/thredds/fileServer/model-cfs_v2_for_mm/2022/202201/20220131/2022013100/flxf.01.2022013100.202202.avrg.grib.grb2 https://www.ncei.noaa.gov/thredds/fileServer/model-cfs_v2_for_mm/2022/202201/20220131/2022013106/flxf.01.2022013106.202202.avrg.grib.grb2 https://www.ncei.noaa.gov/thredds/fileServer/model-cfs_v2_for_mm/2022/202201/20220131/2022013112/flxf.01.2022013112.202202.avrg.grib.grb2 https://www.ncei.noaa.gov/thredds/fileServer/model-cfs_v2_for_mm/2022/202201/20220131/2022013118/flxf.01.2022013118.202202.avrg.grib.grb2,volumetric soil moisture proportion,"CFSv2 flxf soilw first-meter approximation from the first three depthBelowLandLayer records, weighted as 0-10, 10-40, and 40-100 cm.",0.19911200743140975,-0.03651265128520825
2022-03-01,2022-02-01,2022-02-28,2022-02-28 18:00:00,1,mediterranean_spain,NCEI_CFSv2_monthly_flxf_soilw,0.16698175980766752,0.0024196305861646536,4,0 6 12 18,https://www.ncei.noaa.gov/thredds/catalog/model-cfs_v2_for_mm/catalog.xml,https://www.ncei.noaa.gov/thredds/fileServer/model-cfs_v2_for_mm/2022/202202/20220228/2022022800/flxf.01.2022022800.202203.avrg.grib.grb2 https://www.ncei.noaa.gov/thredds/fileServer/model-cfs_v2_for_mm/2022/202202/20220228/2022022806/flxf.01.2022022806.202203.avrg.grib.grb2 https://www.ncei.noaa.gov/thredds/fileServer/model-cfs_v2_for_mm/2022/202202/20220228/2022022812/flxf.01.2022022812.202203.avrg.grib.grb2 https://www.ncei.noaa.gov/thredds/fileServer/model-cfs_v2_for_mm/2022/202202/20220228/2022022818/flxf.01.2022022818.202203.avrg.grib.grb2,volumetric soil moisture proportion,"CFSv2 flxf soilw first-meter approximation from the first three depthBelowLandLayer records, weighted as 0-10, 10-40, and 40-100 cm.",0.19811784482994252,-0.031136085022274995
2022-04-01,2022-03-01,2022-03-31,2022-03-31 18:00:00,1,mediterranean_spain,NCEI_CFSv2_monthly_flxf_soilw,0.18591305310425743,0.002529601346706551,4,0 6 12 18,https://www.ncei.noaa.gov/thredds/catalog/model-cfs_v2_for_mm/catalog.xml,https://www.ncei.noaa.gov/thredds/fileServer/model-cfs_v2_for_mm/2022/202203/20220331/2022033100/flxf.01.2022033100.202204.avrg.grib.grb2 https://www.ncei.noaa.gov/thredds/fileServer/model-cfs_v2_for_mm/2022/202203/20220331/2022033106/flxf.01.2022033106.202204.avrg.grib.grb2 https://www.ncei.noaa.gov/thredds/fileServer/model-cfs_v2_for_mm/2022/202203/20220331/2022033112/flxf.01.2022033112.202204.avrg.grib.grb2 https://www.ncei.noaa.gov/thredds/fileServer/model-cfs_v2_for_mm/2022/202203/20220331/2022033118/flxf.01.2022033118.202204.avrg.grib.grb2,volumetric soil moisture proportion,"CFSv2 flxf soilw first-meter approximation from the first three depthBelowLandLayer records, weighted as 0-10, 10-40, and 40-100 cm.",0.2017033005337539,-0.015790247429496473
2022-05-01,2022-04-01,2022-04-30,2022-04-30 18:00:00,1,mediterranean_spain,NCEI_CFSv2_monthly_flxf_soilw,0.19573158969129156,0.007708046752749481,4,0 6 12 18,https://www.ncei.noaa.gov/thredds/catalog/model-cfs_v2_for_mm/catalog.xml,https://www.ncei.noaa.gov/thredds/fileServer/model-cfs_v2_for_mm/2022/202204/20220430/2022043000/flxf.01.2022043000.202205.avrg.grib.grb2 https://www.ncei.noaa.gov/thredds/fileServer/model-cfs_v2_for_mm/2022/202204/20220430/2022043006/flxf.01.2022043006.202205.avrg.grib.grb2 https://www.ncei.noaa.gov/thredds/fileServer/model-cfs_v2_for_mm/2022/202204/20220430/2022043012/flxf.01.2022043012.202205.avrg.grib.grb2 https://www.ncei.noaa.gov/thredds/fileServer/model-cfs_v2_for_mm/2022/202204/20220430/2022043018/flxf.01.2022043018.202205.avrg.grib.grb2,volumetric soil moisture proportion,"CFSv2 flxf soilw first-meter approximation from the first three depthBelowLandLayer records, weighted as 0-10, 10-40, and 40-100 cm.",0.18734691876859724,0.00838467092269432
2022-08-01,2022-07-01,2022-07-31,2022-07-31 18:00:00,1,mediterranean_spain,NCEI_CFSv2_monthly_flxf_soilw,0.11053975420298048,0.0021886028384027856,4,0 6 12 18,https://www.ncei.noaa.gov/thredds/catalog/model-cfs_v2_for_mm/catalog.xml,https://www.ncei.noaa.gov/thredds/fileServer/model-cfs_v2_for_mm/2022/202207/20220731/2022073100/flxf.01.2022073100.202208.avrg.grib.grb2 https://www.ncei.noaa.gov/thredds/fileServer/model-cfs_v2_for_mm/2022/202207/20220731/2022073106/flxf.01.2022073106.202208.avrg.grib.grb2 https://www.ncei.noaa.gov/thredds/fileServer/model-cfs_v2_for_mm/2022/202207/20220731/2022073112/flxf.01.2022073112.202208.avrg.grib.grb2 https://www.ncei.noaa.gov/thredds/fileServer/model-cfs_v2_for_mm/2022/202207/20220731/2022073118/flxf.01.2022073118.202208.avrg.grib.grb2,volumetric soil moisture proportion,"CFSv2 flxf soilw first-meter approximation from the first three depthBelowLandLayer records, weighted as 0-10, 10-40, and 40-100 cm.",0.12506620433648052,-0.01452645013350004
2022-09-01,2022-08-01,2022-08-31,2022-08-31 18:00:00,1,mediterranean_spain,NCEI_CFSv2_monthly_flxf_soilw,0.10837057812721314,0.002266077937698369,4,0 6 12 18,https://www.ncei.noaa.gov/thredds/catalog/model-cfs_v2_for_mm/catalog.xml,https://www.ncei.noaa.gov/thredds/fileServer/model-cfs_v2_for_mm/2022/202208/20220831/2022083100/flxf.01.2022083100.202209.avrg.grib.grb2 https://www.ncei.noaa.gov/thredds/fileServer/model-cfs_v2_for_mm/2022/202208/20220831/2022083106/flxf.01.2022083106.202209.avrg.grib.grb2 https://www.ncei.noaa.gov/thredds/fileServer/model-cfs_v2_for_mm/2022/202208/20220831/2022083112/flxf.01.2022083112.202209.avrg.grib.grb2 https://www.ncei.noaa.gov/thredds/fileServer/model-cfs_v2_for_mm/2022/202208/20220831/2022083118/flxf.01.2022083118.202209.avrg.grib.grb2,volumetric soil moisture proportion,"CFSv2 flxf soilw first-meter approximation from the first three depthBelowLandLayer records, weighted as 0-10, 10-40, and 40-100 cm.",0.12485801040849989,-0.016487432281286754
2022-10-01,2022-09-01,2022-09-30,2022-09-30 18:00:00,1,mediterranean_spain,NCEI_CFSv2_monthly_flxf_soilw,0.1145180663230288,0.0021584200041896945,4,0 6 12 18,https://www.ncei.noaa.gov/thredds/catalog/model-cfs_v2_for_mm/catalog.xml,https://www.ncei.noaa.gov/thredds/fileServer/model-cfs_v2_for_mm/2022/202209/20220930/2022093000/flxf.01.2022093000.202210.avrg.grib.grb2 https://www.ncei.noaa.gov/thredds/fileServer/model-cfs_v2_for_mm/2022/202209/20220930/2022093006/flxf.01.2022093006.202210.avrg.grib.grb2 https://www.ncei.noaa.gov/thredds/fileServer/model-cfs_v2_for_mm/2022/202209/20220930/2022093012/flxf.01.2022093012.202210.avrg.grib.grb2 https://www.ncei.noaa.gov/thredds/fileServer/model-cfs_v2_for_mm/2022/202209/20220930/2022093018/flxf.01.2022093018.202210.avrg.grib.grb2,volumetric soil moisture proportion,"CFSv2 flxf soilw first-meter approximation from the first three depthBelowLandLayer records, weighted as 0-10, 10-40, and 40-100 cm.",0.13112067120761198,-0.016602604884583178
2022-11-01,2022-10-01,2022-10-31,2022-10-31 18:00:00,1,mediterranean_spain,NCEI_CFSv2_monthly_flxf_soilw,0.13221216209816178,0.0038707364954522734,4,0 6 12 18,https://www.ncei.noaa.gov/thredds/catalog/model-cfs_v2_for_mm/catalog.xml,https://www.ncei.noaa.gov/thredds/fileServer/model-cfs_v2_for_mm/2022/202210/20221031/2022103100/flxf.01.2022103100.202211.avrg.grib.grb2 https://www.ncei.noaa.gov/thredds/fileServer/model-cfs_v2_for_mm/2022/202210/20221031/2022103106/flxf.01.2022103106.202211.avrg.grib.grb2 https://www.ncei.noaa.gov/thredds/fileServer/model-cfs_v2_for_mm/2022/202210/20221031/2022103112/flxf.01.2022103112.202211.avrg.grib.grb2 https://www.ncei.noaa.gov/thredds/fileServer/model-cfs_v2_for_mm/2022/202210/20221031/2022103118/flxf.01.2022103118.202211.avrg.grib.grb2,volumetric soil moisture proportion,"CFSv2 flxf soilw first-meter approximation from the first three depthBelowLandLayer records, weighted as 0-10, 10-40, and 40-100 cm.",0.15166752928600546,-0.019455367187843686
2022-12-01,2022-11-01,2022-11-30,2022-11-30 18:00:00,1,mediterranean_spain,NCEI_CFSv2_monthly_flxf_soilw,0.163885666296059,0.005151766412622758,4,0 6 12 18,https://www.ncei.noaa.gov/thredds/catalog/model-cfs_v2_for_mm/catalog.xml,https://www.ncei.noaa.gov/thredds/fileServer/model-cfs_v2_for_mm/2022/202211/20221130/2022113000/flxf.01.2022113000.202212.avrg.grib.grb2 https://www.ncei.noaa.gov/thredds/fileServer/model-cfs_v2_for_mm/2022/202211/20221130/2022113006/flxf.01.2022113006.202212.avrg.grib.grb2 https://www.ncei.noaa.gov/thredds/fileServer/model-cfs_v2_for_mm/2022/202211/20221130/2022113012/flxf.01.2022113012.202212.avrg.grib.grb2 https://www.ncei.noaa.gov/thredds/fileServer/model-cfs_v2_for_mm/2022/202211/20221130/2022113018/flxf.01.2022113018.202212.avrg.grib.grb2,volumetric soil moisture proportion,"CFSv2 flxf soilw first-meter approximation from the first three depthBelowLandLayer records, weighted as 0-10, 10-40, and 40-100 cm.",0.17208640818583687,-0.008200741889777874
2023-01-01,2022-12-01,2022-12-31,2022-12-31 18:00:00,1,mediterranean_spain,NCEI_CFSv2_monthly_flxf_soilw,0.18552472195656944,0.00574632910723633,4,0 6 12 18,https://www.ncei.noaa.gov/thredds/catalog/model-cfs_v2_for_mm/catalog.xml,https://www.ncei.noaa.gov/thredds/fileServer/model-cfs_v2_for_mm/2022/202212/20221231/2022123100/flxf.01.2022123100.202301.avrg.grib.grb2 https://www.ncei.noaa.gov/thredds/fileServer/model-cfs_v2_for_mm/2022/202212/20221231/2022123106/flxf.01.2022123106.202301.avrg.grib.grb2 https://www.ncei.noaa.gov/thredds/fileServer/model-cfs_v2_for_mm/2022/202212/20221231/2022123112/flxf.01.2022123112.202301.avrg.grib.grb2 https://www.ncei.noaa.gov/thredds/fileServer/model-cfs_v2_for_mm/2022/202212/20221231/2022123118/flxf.01.2022123118.202301.avrg.grib.grb2,volumetric soil moisture proportion,"CFSv2 flxf soilw first-meter approximation from the first three depthBelowLandLayer records, weighted as 0-10, 10-40, and 40-100 cm.",0.18764784261013684,-0.0021231206535674008
2023-02-01,2023-01-01,2023-01-31,2023-01-31 18:00:00,1,mediterranean_spain,NCEI_CFSv2_monthly_flxf_soilw,0.1849776540608956,0.001478488691077694,4,0 6 12 18,https://www.ncei.noaa.gov/thredds/catalog/model-cfs_v2_for_mm/catalog.xml,https://www.ncei.noaa.gov/thredds/fileServer/model-cfs_v2_for_mm/2023/202301/20230131/2023013100/flxf.01.2023013100.202302.avrg.grib.grb2 https://www.ncei.noaa.gov/thredds/fileServer/model-cfs_v2_for_mm/2023/202301/20230131/2023013106/flxf.01.2023013106.202302.avrg.grib.grb2 https://www.ncei.noaa.gov/thredds/fileServer/model-cfs_v2_for_mm/2023/202301/20230131/2023013112/flxf.01.2023013112.202302.avrg.grib.grb2 https://www.ncei.noaa.gov/thredds/fileServer/model-cfs_v2_for_mm/2023/202301/20230131/2023013118/flxf.01.2023013118.202302.avrg.grib.grb2,volumetric soil moisture proportion,"CFSv2 flxf soilw first-meter approximation from the first three depthBelowLandLayer records, weighted as 0-10, 10-40, and 40-100 cm.",0.19911200743140975,-0.014134353370514136
2023-03-01,2023-02-01,2023-02-28,2023-02-28 18:00:00,1,mediterranean_spain,NCEI_CFSv2_monthly_flxf_soilw,0.1817444011456264,0.0038457338013264167,4,0 6 12 18,https://www.ncei.noaa.gov/thredds/catalog/model-cfs_v2_for_mm/catalog.xml,https://www.ncei.noaa.gov/thredds/fileServer/model-cfs_v2_for_mm/2023/202302/20230228/2023022800/flxf.01.2023022800.202303.avrg.grib.grb2 https://www.ncei.noaa.gov/thredds/fileServer/model-cfs_v2_for_mm/2023/202302/20230228/2023022806/flxf.01.2023022806.202303.avrg.grib.grb2 https://www.ncei.noaa.gov/thredds/fileServer/model-cfs_v2_for_mm/2023/202302/20230228/2023022812/flxf.01.2023022812.202303.avrg.grib.grb2 https://www.ncei.noaa.gov/thredds/fileServer/model-cfs_v2_for_mm/2023/202302/20230228/2023022818/flxf.01.2023022818.202303.avrg.grib.grb2,volumetric soil moisture proportion,"CFSv2 flxf soilw first-meter approximation from the first three depthBelowLandLayer records, weighted as 0-10, 10-40, and 40-100 cm.",0.19811784482994252,-0.01637344368431612
2023-04-01,2023-03-01,2023-03-31,2023-03-31 18:00:00,1,mediterranean_spain,NCEI_CFSv2_monthly_flxf_soilw,0.17185246574184074,0.005874641677810815,4,0 6 12 18,https://www.ncei.noaa.gov/thredds/catalog/model-cfs_v2_for_mm/catalog.xml,https://www.ncei.noaa.gov/thredds/fileServer/model-cfs_v2_for_mm/2023/202303/20230331/2023033100/flxf.01.2023033100.202304.avrg.grib.grb2 https://www.ncei.noaa.gov/thredds/fileServer/model-cfs_v2_for_mm/2023/202303/20230331/2023033106/flxf.01.2023033106.202304.avrg.grib.grb2 https://www.ncei.noaa.gov/thredds/fileServer/model-cfs_v2_for_mm/2023/202303/20230331/2023033112/flxf.01.2023033112.202304.avrg.grib.grb2 https://www.ncei.noaa.gov/thredds/fileServer/model-cfs_v2_for_mm/2023/202303/20230331/2023033118/flxf.01.2023033118.202304.avrg.grib.grb2,volumetric soil moisture proportion,"CFSv2 flxf soilw first-meter approximation from the first three depthBelowLandLayer records, weighted as 0-10, 10-40, and 40-100 cm.",0.2017033005337539,-0.029850834791913167
2023-05-01,2023-04-01,2023-04-30,2023-04-30 18:00:00,1,mediterranean_spain,NCEI_CFSv2_monthly_flxf_soilw,0.13175256999286838,0.0018090739863088714,4,0 6 12 18,https://www.ncei.noaa.gov/thredds/catalog/model-cfs_v2_for_mm/catalog.xml,https://www.ncei.noaa.gov/thredds/fileServer/model-cfs_v2_for_mm/2023/202304/20230430/2023043000/flxf.01.2023043000.202305.avrg.grib.grb2 https://www.ncei.noaa.gov/thredds/fileServer/model-cfs_v2_for_mm/2023/202304/20230430/2023043006/flxf.01.2023043006.202305.avrg.grib.grb2 https://www.ncei.noaa.gov/thredds/fileServer/model-cfs_v2_for_mm/2023/202304/20230430/2023043012/flxf.01.2023043012.202305.avrg.grib.grb2 https://www.ncei.noaa.gov/thredds/fileServer/model-cfs_v2_for_mm/2023/202304/20230430/2023043018/flxf.01.2023043018.202305.avrg.grib.grb2,volumetric soil moisture proportion,"CFSv2 flxf soilw first-meter approximation from the first three depthBelowLandLayer records, weighted as 0-10, 10-40, and 40-100 cm.",0.18734691876859724,-0.05559434877572886
2023-06-01,2023-05-01,2023-05-25,2023-05-25 18:00:00,1,mediterranean_spain,NCEI_CFSv2_monthly_flxf_soilw,0.16587759245395106,0.0015718053492739098,4,0 6 12 18,https://www.ncei.noaa.gov/thredds/catalog/model-cfs_v2_for_mm/catalog.xml,https://www.ncei.noaa.gov/thredds/fileServer/model-cfs_v2_for_mm/2023/202305/20230525/2023052500/flxf.01.2023052500.202306.avrg.grib.grb2 https://www.ncei.noaa.gov/thredds/fileServer/model-cfs_v2_for_mm/2023/202305/20230525/2023052506/flxf.01.2023052506.202306.avrg.grib.grb2 https://www.ncei.noaa.gov/thredds/fileServer/model-cfs_v2_for_mm/2023/202305/20230525/2023052512/flxf.01.2023052512.202306.avrg.grib.grb2 https://www.ncei.noaa.gov/thredds/fileServer/model-cfs_v2_for_mm/2023/202305/20230525/2023052518/flxf.01.2023052518.202306.avrg.grib.grb2,volumetric soil moisture proportion,"CFSv2 flxf soilw first-meter approximation from the first three depthBelowLandLayer records, weighted as 0-10, 10-40, and 40-100 cm.",0.18184260312463216,-0.015965010670681096
2023-07-01,2023-06-01,2023-06-30,2023-06-30 18:00:00,1,mediterranean_spain,NCEI_CFSv2_monthly_flxf_soilw,0.12125209749399805,0.001178638561123252,4,0 6 12 18,https://www.ncei.noaa.gov/thredds/catalog/model-cfs_v2_for_mm/catalog.xml,https://www.ncei.noaa.gov/thredds/fileServer/model-cfs_v2_for_mm/2023/202306/20230630/2023063000/flxf.01.2023063000.202307.avrg.grib.grb2 https://www.ncei.noaa.gov/thredds/fileServer/model-cfs_v2_for_mm/2023/202306/20230630/2023063006/flxf.01.2023063006.202307.avrg.grib.grb2 https://www.ncei.noaa.gov/thredds/fileServer/model-cfs_v2_for_mm/2023/202306/20230630/2023063012/flxf.01.2023063012.202307.avrg.grib.grb2 https://www.ncei.noaa.gov/thredds/fileServer/model-cfs_v2_for_mm/2023/202306/20230630/2023063018/flxf.01.2023063018.202307.avrg.grib.grb2,volumetric soil moisture proportion,"CFSv2 flxf soilw first-meter approximation from the first three depthBelowLandLayer records, weighted as 0-10, 10-40, and 40-100 cm.",0.1416844025435588,-0.020432305049560742
2023-08-01,2023-07-01,2023-07-31,2023-07-31 18:00:00,1,mediterranean_spain,NCEI_CFSv2_monthly_flxf_soilw,0.10779244239397728,0.000572643809787346,4,0 6 12 18,https://www.ncei.noaa.gov/thredds/catalog/model-cfs_v2_for_mm/catalog.xml,https://www.ncei.noaa.gov/thredds/fileServer/model-cfs_v2_for_mm/2023/202307/20230731/2023073100/flxf.01.2023073100.202308.avrg.grib.grb2 https://www.ncei.noaa.gov/thredds/fileServer/model-cfs_v2_for_mm/2023/202307/20230731/2023073106/flxf.01.2023073106.202308.avrg.grib.grb2 https://www.ncei.noaa.gov/thredds/fileServer/model-cfs_v2_for_mm/2023/202307/20230731/2023073112/flxf.01.2023073112.202308.avrg.grib.grb2 https://www.ncei.noaa.gov/thredds/fileServer/model-cfs_v2_for_mm/2023/202307/20230731/2023073118/flxf.01.2023073118.202308.avrg.grib.grb2,volumetric soil moisture proportion,"CFSv2 flxf soilw first-meter approximation from the first three depthBelowLandLayer records, weighted as 0-10, 10-40, and 40-100 cm.",0.12506620433648052,-0.01727376194250324
2023-09-01,2023-08-01,2023-08-31,2023-08-31 18:00:00,1,mediterranean_spain,NCEI_CFSv2_monthly_flxf_soilw,0.12665164930007897,0.005185597085911514,4,0 6 12 18,https://www.ncei.noaa.gov/thredds/catalog/model-cfs_v2_for_mm/catalog.xml,https://www.ncei.noaa.gov/thredds/fileServer/model-cfs_v2_for_mm/2023/202308/20230831/2023083100/flxf.01.2023083100.202309.avrg.grib.grb2 https://www.ncei.noaa.gov/thredds/fileServer/model-cfs_v2_for_mm/2023/202308/20230831/2023083106/flxf.01.2023083106.202309.avrg.grib.grb2 https://www.ncei.noaa.gov/thredds/fileServer/model-cfs_v2_for_mm/2023/202308/20230831/2023083112/flxf.01.2023083112.202309.avrg.grib.grb2 https://www.ncei.noaa.gov/thredds/fileServer/model-cfs_v2_for_mm/2023/202308/20230831/2023083118/flxf.01.2023083118.202309.avrg.grib.grb2,volumetric soil moisture proportion,"CFSv2 flxf soilw first-meter approximation from the first three depthBelowLandLayer records, weighted as 0-10, 10-40, and 40-100 cm.",0.12485801040849989,0.0017936388915790746
2023-10-01,2023-09-01,2023-09-30,2023-09-30 18:00:00,1,mediterranean_spain,NCEI_CFSv2_monthly_flxf_soilw,0.12003226680108289,0.00940310232111265,4,0 6 12 18,https://www.ncei.noaa.gov/thredds/catalog/model-cfs_v2_for_mm/catalog.xml,https://www.ncei.noaa.gov/thredds/fileServer/model-cfs_v2_for_mm/2023/202309/20230930/2023093000/flxf.01.2023093000.202310.avrg.grib.grb2 https://www.ncei.noaa.gov/thredds/fileServer/model-cfs_v2_for_mm/2023/202309/20230930/2023093006/flxf.01.2023093006.202310.avrg.grib.grb2 https://www.ncei.noaa.gov/thredds/fileServer/model-cfs_v2_for_mm/2023/202309/20230930/2023093012/flxf.01.2023093012.202310.avrg.grib.grb2 https://www.ncei.noaa.gov/thredds/fileServer/model-cfs_v2_for_mm/2023/202309/20230930/2023093018/flxf.01.2023093018.202310.avrg.grib.grb2,volumetric soil moisture proportion,"CFSv2 flxf soilw first-meter approximation from the first three depthBelowLandLayer records, weighted as 0-10, 10-40, and 40-100 cm.",0.13112067120761198,-0.011088404406529084
2023-11-01,2023-10-01,2023-10-31,2023-10-31 18:00:00,1,mediterranean_spain,NCEI_CFSv2_monthly_flxf_soilw,0.16136294305730675,0.005567278584602162,4,0 6 12 18,https://www.ncei.noaa.gov/thredds/catalog/model-cfs_v2_for_mm/catalog.xml,https://www.ncei.noaa.gov/thredds/fileServer/model-cfs_v2_for_mm/2023/202310/20231031/2023103100/flxf.01.2023103100.202311.avrg.grib.grb2 https://www.ncei.noaa.gov/thredds/fileServer/model-cfs_v2_for_mm/2023/202310/20231031/2023103106/flxf.01.2023103106.202311.avrg.grib.grb2 https://www.ncei.noaa.gov/thredds/fileServer/model-cfs_v2_for_mm/2023/202310/20231031/2023103112/flxf.01.2023103112.202311.avrg.grib.grb2 https://www.ncei.noaa.gov/thredds/fileServer/model-cfs_v2_for_mm/2023/202310/20231031/2023103118/flxf.01.2023103118.202311.avrg.grib.grb2,volumetric soil moisture proportion,"CFSv2 flxf soilw first-meter approximation from the first three depthBelowLandLayer records, weighted as 0-10, 10-40, and 40-100 cm.",0.15166752928600546,0.009695413771301287
2023-12-01,2023-11-01,2023-11-15,2023-11-15 18:00:00,1,mediterranean_spain,NCEI_CFSv2_monthly_flxf_soilw,0.17921687950552156,0.005123878107437178,4,0 6 12 18,https://www.ncei.noaa.gov/thredds/catalog/model-cfs_v2_for_mm/catalog.xml,https://www.ncei.noaa.gov/thredds/fileServer/model-cfs_v2_for_mm/2023/202311/20231115/2023111500/flxf.01.2023111500.202312.avrg.grib.grb2 https://www.ncei.noaa.gov/thredds/fileServer/model-cfs_v2_for_mm/2023/202311/20231115/2023111506/flxf.01.2023111506.202312.avrg.grib.grb2 https://www.ncei.noaa.gov/thredds/fileServer/model-cfs_v2_for_mm/2023/202311/20231115/2023111512/flxf.01.2023111512.202312.avrg.grib.grb2 https://www.ncei.noaa.gov/thredds/fileServer/model-cfs_v2_for_mm/2023/202311/20231115/2023111518/flxf.01.2023111518.202312.avrg.grib.grb2,volumetric soil moisture proportion,"CFSv2 flxf soilw first-meter approximation from the first three depthBelowLandLayer records, weighted as 0-10, 10-40, and 40-100 cm.",0.17208640818583687,0.007130471319684695
2025-02-01,2025-01-01,2025-01-31,2025-01-31 18:00:00,1,mediterranean_spain,NCEI_CFSv2_monthly_flxf_soilw,0.18573047090640624,0.007075451967305092,4,0 6 12 18,https://www.ncei.noaa.gov/thredds/catalog/model-cfs_v2_for_mm/catalog.xml,https://www.ncei.noaa.gov/thredds/fileServer/model-cfs_v2_for_mm/2025/202501/20250131/2025013100/flxf.01.2025013100.202502.avrg.grib.grb2 https://www.ncei.noaa.gov/thredds/fileServer/model-cfs_v2_for_mm/2025/202501/20250131/2025013106/flxf.01.2025013106.202502.avrg.grib.grb2 https://www.ncei.noaa.gov/thredds/fileServer/model-cfs_v2_for_mm/2025/202501/20250131/2025013112/flxf.01.2025013112.202502.avrg.grib.grb2 https://www.ncei.noaa.gov/thredds/fileServer/model-cfs_v2_for_mm/2025/202501/20250131/2025013118/flxf.01.2025013118.202502.avrg.grib.grb2,volumetric soil moisture proportion,"CFSv2 flxf soilw first-meter approximation from the first three depthBelowLandLayer records, weighted as 0-10, 10-40, and 40-100 cm.",0.19911200743140975,-0.013381536525003512
2025-04-01,2025-03-01,2025-03-31,2025-03-31 18:00:00,1,mediterranean_spain,NCEI_CFSv2_monthly_flxf_soilw,0.21159680679921022,0.008375322408255979,4,0 6 12 18,https://www.ncei.noaa.gov/thredds/catalog/model-cfs_v2_for_mm/catalog.xml,https://www.ncei.noaa.gov/thredds/fileServer/model-cfs_v2_for_mm/2025/202503/20250331/2025033100/flxf.01.2025033100.202504.avrg.grib.grb2 https://www.ncei.noaa.gov/thredds/fileServer/model-cfs_v2_for_mm/2025/202503/20250331/2025033106/flxf.01.2025033106.202504.avrg.grib.grb2 https://www.ncei.noaa.gov/thredds/fileServer/model-cfs_v2_for_mm/2025/202503/20250331/2025033112/flxf.01.2025033112.202504.avrg.grib.grb2 https://www.ncei.noaa.gov/thredds/fileServer/model-cfs_v2_for_mm/2025/202503/20250331/2025033118/flxf.01.2025033118.202504.avrg.grib.grb2,volumetric soil moisture proportion,"CFSv2 flxf soilw first-meter approximation from the first three depthBelowLandLayer records, weighted as 0-10, 10-40, and 40-100 cm.",0.2017033005337539,0.00989350626545632
2025-05-01,2025-04-01,2025-04-13,2025-04-13 18:00:00,1,mediterranean_spain,NCEI_CFSv2_monthly_flxf_soilw,0.20364531964528582,0.004189836850310428,4,0 6 12 18,https://www.ncei.noaa.gov/thredds/catalog/model-cfs_v2_for_mm/catalog.xml,https://www.ncei.noaa.gov/thredds/fileServer/model-cfs_v2_for_mm/2025/202504/20250413/2025041300/flxf.01.2025041300.202505.avrg.grib.grb2 https://www.ncei.noaa.gov/thredds/fileServer/model-cfs_v2_for_mm/2025/202504/20250413/2025041306/flxf.01.2025041306.202505.avrg.grib.grb2 https://www.ncei.noaa.gov/thredds/fileServer/model-cfs_v2_for_mm/2025/202504/20250413/2025041312/flxf.01.2025041312.202505.avrg.grib.grb2 https://www.ncei.noaa.gov/thredds/fileServer/model-cfs_v2_for_mm/2025/202504/20250413/2025041318/flxf.01.2025041318.202505.avrg.grib.grb2,volumetric soil moisture proportion,"CFSv2 flxf soilw first-meter approximation from the first three depthBelowLandLayer records, weighted as 0-10, 10-40, and 40-100 cm.",0.18734691876859724,0.016298400876688574
2025-06-01,2025-05-01,2025-05-29,2025-05-29 18:00:00,1,mediterranean_spain,NCEI_CFSv2_monthly_flxf_soilw,0.1596146057786851,0.0030650119425324565,4,0 6 12 18,https://www.ncei.noaa.gov/thredds/catalog/model-cfs_v2_for_mm/catalog.xml,https://www.ncei.noaa.gov/thredds/fileServer/model-cfs_v2_for_mm/2025/202505/20250529/2025052900/flxf.01.2025052900.202506.avrg.grib.grb2 https://www.ncei.noaa.gov/thredds/fileServer/model-cfs_v2_for_mm/2025/202505/20250529/2025052906/flxf.01.2025052906.202506.avrg.grib.grb2 https://www.ncei.noaa.gov/thredds/fileServer/model-cfs_v2_for_mm/2025/202505/20250529/2025052912/flxf.01.2025052912.202506.avrg.grib.grb2 https://www.ncei.noaa.gov/thredds/fileServer/model-cfs_v2_for_mm/2025/202505/20250529/2025052918/flxf.01.2025052918.202506.avrg.grib.grb2,volumetric soil moisture proportion,"CFSv2 flxf soilw first-meter approximation from the first three depthBelowLandLayer records, weighted as 0-10, 10-40, and 40-100 cm.",0.18184260312463216,-0.022227997345947048
2025-09-01,2025-08-01,2025-08-21,2025-08-21 18:00:00,1,mediterranean_spain,NCEI_CFSv2_monthly_flxf_soilw,0.1168789999180215,0.003993752133052436,4,0 6 12 18,https://www.ncei.noaa.gov/thredds/catalog/model-cfs_v2_for_mm/catalog.xml,https://www.ncei.noaa.gov/thredds/fileServer/model-cfs_v2_for_mm/2025/202508/20250821/2025082100/flxf.01.2025082100.202509.avrg.grib.grb2 https://www.ncei.noaa.gov/thredds/fileServer/model-cfs_v2_for_mm/2025/202508/20250821/2025082106/flxf.01.2025082106.202509.avrg.grib.grb2 https://www.ncei.noaa.gov/thredds/fileServer/model-cfs_v2_for_mm/2025/202508/20250821/2025082112/flxf.01.2025082112.202509.avrg.grib.grb2 https://www.ncei.noaa.gov/thredds/fileServer/model-cfs_v2_for_mm/2025/202508/20250821/2025082118/flxf.01.2025082118.202509.avrg.grib.grb2,volumetric soil moisture proportion,"CFSv2 flxf soilw first-meter approximation from the first three depthBelowLandLayer records, weighted as 0-10, 10-40, and 40-100 cm.",0.12485801040849989,-0.007979010490478389
