target_time,forecast_prob_dry,forecast_pr_anom,forecast_pr,source_model,init_time,lead_months,region,lat_min,lat_max,lon_min,lon_max,source_url,units,notes
2018-07-01,,-0.034054699335683836,,CPC_NMME_ENSMEAN,2018-04-01,3,cvalley,35.4,40.6,-122.5,-119.0,https://ftp.cpc.ncep.noaa.gov/NMME/realtime_anom/ENSMEAN/2018040800/NMME.prate.201804.ENSMEAN.anom.nc,mm/day anomaly converted from source mm/s,CPC NMME real-time multi-model ensemble-mean precipitation anomaly.
2018-08-01,,-0.00954283482315077,,CPC_NMME_ENSMEAN,2018-05-01,3,cvalley,35.4,40.6,-122.5,-119.0,https://ftp.cpc.ncep.noaa.gov/NMME/realtime_anom/ENSMEAN/2018050800/NMME.prate.201805.ENSMEAN.anom.nc,mm/day anomaly converted from source mm/s,CPC NMME real-time multi-model ensemble-mean precipitation anomaly.
2018-09-01,,0.13741808070335537,,CPC_NMME_ENSMEAN,2018-06-01,3,cvalley,35.4,40.6,-122.5,-119.0,https://ftp.cpc.ncep.noaa.gov/NMME/realtime_anom/ENSMEAN/2018060800/NMME.prate.201806.ENSMEAN.anom.nc,mm/day anomaly converted from source mm/s,CPC NMME real-time multi-model ensemble-mean precipitation anomaly.
2018-10-01,,-0.08109026221063687,,CPC_NMME_ENSMEAN,2018-07-01,3,cvalley,35.4,40.6,-122.5,-119.0,https://ftp.cpc.ncep.noaa.gov/NMME/realtime_anom/ENSMEAN/2018070800/NMME.prate.201807.ENSMEAN.anom.nc,mm/day anomaly converted from source mm/s,CPC NMME real-time multi-model ensemble-mean precipitation anomaly.
2018-11-01,,-0.07571490023110528,,CPC_NMME_ENSMEAN,2018-08-01,3,cvalley,35.4,40.6,-122.5,-119.0,https://ftp.cpc.ncep.noaa.gov/NMME/realtime_anom/ENSMEAN/2018080800/NMME.prate.201808.ENSMEAN.anom.nc,mm/day anomaly converted from source mm/s,CPC NMME real-time multi-model ensemble-mean precipitation anomaly.
2018-12-01,,-0.23236128618009388,,CPC_NMME_ENSMEAN,2018-09-01,3,cvalley,35.4,40.6,-122.5,-119.0,https://ftp.cpc.ncep.noaa.gov/NMME/realtime_anom/ENSMEAN/2018090800/NMME.prate.201809.ENSMEAN.anom.nc,mm/day anomaly converted from source mm/s,CPC NMME real-time multi-model ensemble-mean precipitation anomaly.
2019-01-01,,0.49631379515631124,,CPC_NMME_ENSMEAN,2018-10-01,3,cvalley,35.4,40.6,-122.5,-119.0,https://ftp.cpc.ncep.noaa.gov/NMME/realtime_anom/ENSMEAN/2018100800/NMME.prate.201810.ENSMEAN.anom.nc,mm/day anomaly converted from source mm/s,CPC NMME real-time multi-model ensemble-mean precipitation anomaly.
2019-02-01,,-0.009433585432816471,,CPC_NMME_ENSMEAN,2018-11-01,3,cvalley,35.4,40.6,-122.5,-119.0,https://ftp.cpc.ncep.noaa.gov/NMME/realtime_anom/ENSMEAN/2018110800/NMME.prate.201811.ENSMEAN.anom.nc,mm/day anomaly converted from source mm/s,CPC NMME real-time multi-model ensemble-mean precipitation anomaly.
2019-03-01,,-0.26252230745740235,,CPC_NMME_ENSMEAN,2018-12-01,3,cvalley,35.4,40.6,-122.5,-119.0,https://ftp.cpc.ncep.noaa.gov/NMME/realtime_anom/ENSMEAN/2018120800/NMME.prate.201812.ENSMEAN.anom.nc,mm/day anomaly converted from source mm/s,CPC NMME real-time multi-model ensemble-mean precipitation anomaly.
2019-04-01,,0.14539760995830875,,CPC_NMME_ENSMEAN,2019-01-01,3,cvalley,35.4,40.6,-122.5,-119.0,https://ftp.cpc.ncep.noaa.gov/NMME/realtime_anom/ENSMEAN/2019010800/NMME.prate.201901.ENSMEAN.anom.nc,mm/day anomaly converted from source mm/s,CPC NMME real-time multi-model ensemble-mean precipitation anomaly.
2019-05-01,,0.19808801807812415,,CPC_NMME_ENSMEAN,2019-02-01,3,cvalley,35.4,40.6,-122.5,-119.0,https://ftp.cpc.ncep.noaa.gov/NMME/realtime_anom/ENSMEAN/2019020800/NMME.prate.201902.ENSMEAN.anom.nc,mm/day anomaly converted from source mm/s,CPC NMME real-time multi-model ensemble-mean precipitation anomaly.
2019-06-01,,0.04498286507441662,,CPC_NMME_ENSMEAN,2019-03-01,3,cvalley,35.4,40.6,-122.5,-119.0,https://ftp.cpc.ncep.noaa.gov/NMME/realtime_anom/ENSMEAN/2019030800/NMME.prate.201903.ENSMEAN.anom.nc,mm/day anomaly converted from source mm/s,CPC NMME real-time multi-model ensemble-mean precipitation anomaly.
2019-07-01,,0.06873193669889588,,CPC_NMME_ENSMEAN,2019-04-01,3,cvalley,35.4,40.6,-122.5,-119.0,https://ftp.cpc.ncep.noaa.gov/NMME/realtime_anom/ENSMEAN/2019040800/NMME.prate.201904.ENSMEAN.anom.nc,mm/day anomaly converted from source mm/s,CPC NMME real-time multi-model ensemble-mean precipitation anomaly.
2019-08-01,,0.009845408430919633,,CPC_NMME_ENSMEAN,2019-05-01,3,cvalley,35.4,40.6,-122.5,-119.0,https://ftp.cpc.ncep.noaa.gov/NMME/realtime_anom/ENSMEAN/2019050800/NMME.prate.201905.ENSMEAN.anom.nc,mm/day anomaly converted from source mm/s,CPC NMME real-time multi-model ensemble-mean precipitation anomaly.
2019-09-01,,-0.008937494226302078,,CPC_NMME_ENSMEAN,2019-06-01,3,cvalley,35.4,40.6,-122.5,-119.0,https://ftp.cpc.ncep.noaa.gov/NMME/realtime_anom/ENSMEAN/2019060800/NMME.prate.201906.ENSMEAN.anom.nc,mm/day anomaly converted from source mm/s,CPC NMME real-time multi-model ensemble-mean precipitation anomaly.
2019-10-01,,-0.038404614861065056,,CPC_NMME_ENSMEAN,2019-07-01,3,cvalley,35.4,40.6,-122.5,-119.0,https://ftp.cpc.ncep.noaa.gov/NMME/realtime_anom/ENSMEAN/2019070800/NMME.prate.201907.ENSMEAN.anom.nc,mm/day anomaly converted from source mm/s,CPC NMME real-time multi-model ensemble-mean precipitation anomaly.
2019-11-01,,0.17637241908232681,,CPC_NMME_ENSMEAN,2019-08-01,3,cvalley,35.4,40.6,-122.5,-119.0,https://ftp.cpc.ncep.noaa.gov/NMME/realtime_anom/ENSMEAN/2019080800/NMME.prate.201908.ENSMEAN.anom.nc,mm/day anomaly converted from source mm/s,CPC NMME real-time multi-model ensemble-mean precipitation anomaly.
2019-12-01,,0.43716075306292623,,CPC_NMME_ENSMEAN,2019-09-01,3,cvalley,35.4,40.6,-122.5,-119.0,https://ftp.cpc.ncep.noaa.gov/NMME/realtime_anom/ENSMEAN/2019090800/NMME.prate.201909.ENSMEAN.anom.nc,mm/day anomaly converted from source mm/s,CPC NMME real-time multi-model ensemble-mean precipitation anomaly.
2020-01-01,,-0.3646788347396068,,CPC_NMME_ENSMEAN,2019-10-01,3,cvalley,35.4,40.6,-122.5,-119.0,https://ftp.cpc.ncep.noaa.gov/NMME/realtime_anom/ENSMEAN/2019100800/NMME.prate.201910.ENSMEAN.anom.nc,mm/day anomaly converted from source mm/s,CPC NMME real-time multi-model ensemble-mean precipitation anomaly.
2020-02-01,,-0.6581296969670802,,CPC_NMME_ENSMEAN,2019-11-01,3,cvalley,35.4,40.6,-122.5,-119.0,https://ftp.cpc.ncep.noaa.gov/NMME/realtime_anom/ENSMEAN/2019110800/NMME.prate.201911.ENSMEAN.anom.nc,mm/day anomaly converted from source mm/s,CPC NMME real-time multi-model ensemble-mean precipitation anomaly.
2020-03-01,,0.08274788997368887,,CPC_NMME_ENSMEAN,2019-12-01,3,cvalley,35.4,40.6,-122.5,-119.0,https://ftp.cpc.ncep.noaa.gov/NMME/realtime_anom/ENSMEAN/2019120800/NMME.prate.201912.ENSMEAN.anom.nc,mm/day anomaly converted from source mm/s,CPC NMME real-time multi-model ensemble-mean precipitation anomaly.
2020-04-01,,-0.26410206701257266,,CPC_NMME_ENSMEAN,2020-01-01,3,cvalley,35.4,40.6,-122.5,-119.0,https://ftp.cpc.ncep.noaa.gov/NMME/realtime_anom/ENSMEAN/2020010800/NMME.prate.202001.ENSMEAN.anom.nc,mm/day anomaly converted from source mm/s,CPC NMME real-time multi-model ensemble-mean precipitation anomaly.
2020-05-01,,-0.15593685457133688,,CPC_NMME_ENSMEAN,2020-02-01,3,cvalley,35.4,40.6,-122.5,-119.0,https://ftp.cpc.ncep.noaa.gov/NMME/realtime_anom/ENSMEAN/2020020800/NMME.prate.202002.ENSMEAN.anom.nc,mm/day anomaly converted from source mm/s,CPC NMME real-time multi-model ensemble-mean precipitation anomaly.
2020-06-01,,-0.10947936061711516,,CPC_NMME_ENSMEAN,2020-03-01,3,cvalley,35.4,40.6,-122.5,-119.0,https://ftp.cpc.ncep.noaa.gov/NMME/realtime_anom/ENSMEAN/2020030800/NMME.prate.202003.ENSMEAN.anom.nc,mm/day anomaly converted from source mm/s,CPC NMME real-time multi-model ensemble-mean precipitation anomaly.
2020-07-01,,-0.043790928975795396,,CPC_NMME_ENSMEAN,2020-04-01,3,cvalley,35.4,40.6,-122.5,-119.0,https://ftp.cpc.ncep.noaa.gov/NMME/realtime_anom/ENSMEAN/2020040800/NMME.prate.202004.ENSMEAN.anom.nc,mm/day anomaly converted from source mm/s,CPC NMME real-time multi-model ensemble-mean precipitation anomaly.
2020-08-01,,-0.034912013325083535,,CPC_NMME_ENSMEAN,2020-05-01,3,cvalley,35.4,40.6,-122.5,-119.0,https://ftp.cpc.ncep.noaa.gov/NMME/realtime_anom/ENSMEAN/2020050800/NMME.prate.202005.ENSMEAN.anom.nc,mm/day anomaly converted from source mm/s,CPC NMME real-time multi-model ensemble-mean precipitation anomaly.
2020-09-01,,-0.054146506772667635,,CPC_NMME_ENSMEAN,2020-06-01,3,cvalley,35.4,40.6,-122.5,-119.0,https://ftp.cpc.ncep.noaa.gov/NMME/realtime_anom/ENSMEAN/2020060800/NMME.prate.202006.ENSMEAN.anom.nc,mm/day anomaly converted from source mm/s,CPC NMME real-time multi-model ensemble-mean precipitation anomaly.
2020-10-01,,-0.16260574229818303,,CPC_NMME_ENSMEAN,2020-07-01,3,cvalley,35.4,40.6,-122.5,-119.0,https://ftp.cpc.ncep.noaa.gov/NMME/realtime_anom/ENSMEAN/2020070800/NMME.prate.202007.ENSMEAN.anom.nc,mm/day anomaly converted from source mm/s,CPC NMME real-time multi-model ensemble-mean precipitation anomaly.
2020-11-01,,-0.1954129860678222,,CPC_NMME_ENSMEAN,2020-08-01,3,cvalley,35.4,40.6,-122.5,-119.0,https://ftp.cpc.ncep.noaa.gov/NMME/realtime_anom/ENSMEAN/2020080800/NMME.prate.202008.ENSMEAN.anom.nc,mm/day anomaly converted from source mm/s,CPC NMME real-time multi-model ensemble-mean precipitation anomaly.
2020-12-01,,-0.13968948478577659,,CPC_NMME_ENSMEAN,2020-09-01,3,cvalley,35.4,40.6,-122.5,-119.0,https://ftp.cpc.ncep.noaa.gov/NMME/realtime_anom/ENSMEAN/2020090800/NMME.prate.202009.ENSMEAN.anom.nc,mm/day anomaly converted from source mm/s,CPC NMME real-time multi-model ensemble-mean precipitation anomaly.
2021-01-01,,-0.8934521261835471,,CPC_NMME_ENSMEAN,2020-10-01,3,cvalley,35.4,40.6,-122.5,-119.0,https://ftp.cpc.ncep.noaa.gov/NMME/realtime_anom/ENSMEAN/2020100800/NMME.prate.202010.ENSMEAN.anom.nc,mm/day anomaly converted from source mm/s,CPC NMME real-time multi-model ensemble-mean precipitation anomaly.
2021-02-01,,-0.7236300269141793,,CPC_NMME_ENSMEAN,2020-11-01,3,cvalley,35.4,40.6,-122.5,-119.0,https://ftp.cpc.ncep.noaa.gov/NMME/realtime_anom/ENSMEAN/2020110800/NMME.prate.202011.ENSMEAN.anom.nc,mm/day anomaly converted from source mm/s,CPC NMME real-time multi-model ensemble-mean precipitation anomaly.
2021-03-01,,-0.03659880912891822,,CPC_NMME_ENSMEAN,2020-12-01,3,cvalley,35.4,40.6,-122.5,-119.0,https://ftp.cpc.ncep.noaa.gov/NMME/realtime_anom/ENSMEAN/2020120800/NMME.prate.202012.ENSMEAN.anom.nc,mm/day anomaly converted from source mm/s,CPC NMME real-time multi-model ensemble-mean precipitation anomaly.
2021-04-01,,-0.3279147269495297,,CPC_NMME_ENSMEAN,2021-01-01,3,cvalley,35.4,40.6,-122.5,-119.0,https://ftp.cpc.ncep.noaa.gov/NMME/realtime_anom/ENSMEAN/2021010800/NMME.prate.202101.ENSMEAN.anom.nc,mm/day anomaly converted from source mm/s,CPC NMME real-time multi-model ensemble-mean precipitation anomaly.
2021-05-01,,-0.35171472845831886,,CPC_NMME_ENSMEAN,2021-02-01,3,cvalley,35.4,40.6,-122.5,-119.0,https://ftp.cpc.ncep.noaa.gov/NMME/realtime_anom/ENSMEAN/2021020800/NMME.prate.202102.ENSMEAN.anom.nc,mm/day anomaly converted from source mm/s,CPC NMME real-time multi-model ensemble-mean precipitation anomaly.
2021-06-01,,-0.23511841500294395,,CPC_NMME_ENSMEAN,2021-03-01,3,cvalley,35.4,40.6,-122.5,-119.0,https://ftp.cpc.ncep.noaa.gov/NMME/realtime_anom/ENSMEAN/2021030800/NMME.prate.202103.ENSMEAN.anom.nc,mm/day anomaly converted from source mm/s,CPC NMME real-time multi-model ensemble-mean precipitation anomaly.
2021-07-01,,-0.029060037013550755,,CPC_NMME_ENSMEAN,2021-04-01,3,cvalley,35.4,40.6,-122.5,-119.0,https://ftp.cpc.ncep.noaa.gov/NMME/realtime_anom/ENSMEAN/2021040800/NMME.prate.202104.ENSMEAN.anom.nc,mm/day anomaly converted from source mm/s,CPC NMME real-time multi-model ensemble-mean precipitation anomaly.
2021-08-01,,-0.07220139141281834,,CPC_NMME_ENSMEAN,2021-05-01,3,cvalley,35.4,40.6,-122.5,-119.0,https://ftp.cpc.ncep.noaa.gov/NMME/realtime_anom/ENSMEAN/2021050800/NMME.prate.202105.ENSMEAN.anom.nc,mm/day anomaly converted from source mm/s,CPC NMME real-time multi-model ensemble-mean precipitation anomaly.
2021-09-01,,-0.11730639489542227,,CPC_NMME_ENSMEAN,2021-06-01,3,cvalley,35.4,40.6,-122.5,-119.0,https://ftp.cpc.ncep.noaa.gov/NMME/realtime_anom/ENSMEAN/2021060800/NMME.prate.202106.ENSMEAN.anom.nc,mm/day anomaly converted from source mm/s,CPC NMME real-time multi-model ensemble-mean precipitation anomaly.
2021-10-01,,-0.15019832862890325,,CPC_NMME_ENSMEAN,2021-07-01,3,cvalley,35.4,40.6,-122.5,-119.0,https://ftp.cpc.ncep.noaa.gov/NMME/realtime_anom/ENSMEAN/2021070800/NMME.prate.202107.ENSMEAN.anom.nc,mm/day anomaly converted from source mm/s,CPC NMME real-time multi-model ensemble-mean precipitation anomaly.
2021-11-01,,0.3402776346774772,,CPC_NMME_ENSMEAN,2021-08-01,3,cvalley,35.4,40.6,-122.5,-119.0,https://ftp.cpc.ncep.noaa.gov/NMME/realtime_anom/ENSMEAN/2021080800/NMME.prate.202108.ENSMEAN.anom.nc,mm/day anomaly converted from source mm/s,CPC NMME real-time multi-model ensemble-mean precipitation anomaly.
2021-12-01,,0.7603850390296429,,CPC_NMME_ENSMEAN,2021-09-01,3,cvalley,35.4,40.6,-122.5,-119.0,https://ftp.cpc.ncep.noaa.gov/NMME/realtime_anom/ENSMEAN/2021090800/NMME.prate.202109.ENSMEAN.anom.nc,mm/day anomaly converted from source mm/s,CPC NMME real-time multi-model ensemble-mean precipitation anomaly.
2022-01-01,,-0.508803001139313,,CPC_NMME_ENSMEAN,2021-10-01,3,cvalley,35.4,40.6,-122.5,-119.0,https://ftp.cpc.ncep.noaa.gov/NMME/realtime_anom/ENSMEAN/2021100800/NMME.prate.202110.ENSMEAN.anom.nc,mm/day anomaly converted from source mm/s,CPC NMME real-time multi-model ensemble-mean precipitation anomaly.
2022-02-01,,-0.7137465057894588,,CPC_NMME_ENSMEAN,2021-11-01,3,cvalley,35.4,40.6,-122.5,-119.0,https://ftp.cpc.ncep.noaa.gov/NMME/realtime_anom/ENSMEAN/2021110800/NMME.prate.202111.ENSMEAN.anom.nc,mm/day anomaly converted from source mm/s,CPC NMME real-time multi-model ensemble-mean precipitation anomaly.
2022-03-01,,-0.4759450239362195,,CPC_NMME_ENSMEAN,2021-12-01,3,cvalley,35.4,40.6,-122.5,-119.0,https://ftp.cpc.ncep.noaa.gov/NMME/realtime_anom/ENSMEAN/2021120800/NMME.prate.202112.ENSMEAN.anom.nc,mm/day anomaly converted from source mm/s,CPC NMME real-time multi-model ensemble-mean precipitation anomaly.
2022-04-01,,-0.0786456768764765,,CPC_NMME_ENSMEAN,2022-01-01,3,cvalley,35.4,40.6,-122.5,-119.0,https://ftp.cpc.ncep.noaa.gov/NMME/realtime_anom/ENSMEAN/2022010800/NMME.prate.202201.ENSMEAN.anom.nc,mm/day anomaly converted from source mm/s,CPC NMME real-time multi-model ensemble-mean precipitation anomaly.
2022-05-01,,-0.3654934378573671,,CPC_NMME_ENSMEAN,2022-02-01,3,cvalley,35.4,40.6,-122.5,-119.0,https://ftp.cpc.ncep.noaa.gov/NMME/realtime_anom/ENSMEAN/2022020800/NMME.prate.202202.ENSMEAN.anom.nc,mm/day anomaly converted from source mm/s,CPC NMME real-time multi-model ensemble-mean precipitation anomaly.
2022-06-01,,-0.23901301392470486,,CPC_NMME_ENSMEAN,2022-03-01,3,cvalley,35.4,40.6,-122.5,-119.0,https://ftp.cpc.ncep.noaa.gov/NMME/realtime_anom/ENSMEAN/2022030800/NMME.prate.202203.ENSMEAN.anom.nc,mm/day anomaly converted from source mm/s,CPC NMME real-time multi-model ensemble-mean precipitation anomaly.
2022-07-01,,-0.04973951490683248,,CPC_NMME_ENSMEAN,2022-04-01,3,cvalley,35.4,40.6,-122.5,-119.0,https://ftp.cpc.ncep.noaa.gov/NMME/realtime_anom/ENSMEAN/2022040800/NMME.prate.202204.ENSMEAN.anom.nc,mm/day anomaly converted from source mm/s,CPC NMME real-time multi-model ensemble-mean precipitation anomaly.
2022-08-01,,-0.07703790342930006,,CPC_NMME_ENSMEAN,2022-05-01,3,cvalley,35.4,40.6,-122.5,-119.0,https://ftp.cpc.ncep.noaa.gov/NMME/realtime_anom/ENSMEAN/2022050800/NMME.prate.202205.ENSMEAN.anom.nc,mm/day anomaly converted from source mm/s,CPC NMME real-time multi-model ensemble-mean precipitation anomaly.
2022-09-01,,-0.043452606223581824,,CPC_NMME_ENSMEAN,2022-06-01,3,cvalley,35.4,40.6,-122.5,-119.0,https://ftp.cpc.ncep.noaa.gov/NMME/realtime_anom/ENSMEAN/2022060800/NMME.prate.202206.ENSMEAN.anom.nc,mm/day anomaly converted from source mm/s,CPC NMME real-time multi-model ensemble-mean precipitation anomaly.
2022-10-01,,-0.2136212497134693,,CPC_NMME_ENSMEAN,2022-07-01,3,cvalley,35.4,40.6,-122.5,-119.0,https://ftp.cpc.ncep.noaa.gov/NMME/realtime_anom/ENSMEAN/2022070800/NMME.prate.202207.ENSMEAN.anom.nc,mm/day anomaly converted from source mm/s,CPC NMME real-time multi-model ensemble-mean precipitation anomaly.
2022-11-01,,0.019411559514992405,,CPC_NMME_ENSMEAN,2022-08-01,3,cvalley,35.4,40.6,-122.5,-119.0,https://ftp.cpc.ncep.noaa.gov/NMME/realtime_anom/ENSMEAN/2022080800/NMME.prate.202208.ENSMEAN.anom.nc,mm/day anomaly converted from source mm/s,CPC NMME real-time multi-model ensemble-mean precipitation anomaly.
2022-12-01,,-0.3832872098428197,,CPC_NMME_ENSMEAN,2022-09-01,3,cvalley,35.4,40.6,-122.5,-119.0,https://ftp.cpc.ncep.noaa.gov/NMME/realtime_anom/ENSMEAN/2022090800/NMME.prate.202209.ENSMEAN.anom.nc,mm/day anomaly converted from source mm/s,CPC NMME real-time multi-model ensemble-mean precipitation anomaly.
2023-01-01,,-0.04351270054030465,,CPC_NMME_ENSMEAN,2022-10-01,3,cvalley,35.4,40.6,-122.5,-119.0,https://ftp.cpc.ncep.noaa.gov/NMME/realtime_anom/ENSMEAN/2022100800/NMME.prate.202210.ENSMEAN.anom.nc,mm/day anomaly converted from source mm/s,CPC NMME real-time multi-model ensemble-mean precipitation anomaly.
2023-02-01,,-0.7371264364337549,,CPC_NMME_ENSMEAN,2022-11-01,3,cvalley,35.4,40.6,-122.5,-119.0,https://ftp.cpc.ncep.noaa.gov/NMME/realtime_anom/ENSMEAN/2022110800/NMME.prate.202211.ENSMEAN.anom.nc,mm/day anomaly converted from source mm/s,CPC NMME real-time multi-model ensemble-mean precipitation anomaly.
2023-03-01,,-0.07346987458731746,,CPC_NMME_ENSMEAN,2022-12-01,3,cvalley,35.4,40.6,-122.5,-119.0,https://ftp.cpc.ncep.noaa.gov/NMME/realtime_anom/ENSMEAN/2022120800/NMME.prate.202212.ENSMEAN.anom.nc,mm/day anomaly converted from source mm/s,CPC NMME real-time multi-model ensemble-mean precipitation anomaly.
2023-04-01,,-0.17469657541369088,,CPC_NMME_ENSMEAN,2023-01-01,3,cvalley,35.4,40.6,-122.5,-119.0,https://ftp.cpc.ncep.noaa.gov/NMME/realtime_anom/ENSMEAN/2023010800/NMME.prate.202301.ENSMEAN.anom.nc,mm/day anomaly converted from source mm/s,CPC NMME real-time multi-model ensemble-mean precipitation anomaly.
2023-05-01,,0.028764820490323473,,CPC_NMME_ENSMEAN,2023-02-01,3,cvalley,35.4,40.6,-122.5,-119.0,https://ftp.cpc.ncep.noaa.gov/NMME/realtime_anom/ENSMEAN/2023020800/NMME.prate.202302.ENSMEAN.anom.nc,mm/day anomaly converted from source mm/s,CPC NMME real-time multi-model ensemble-mean precipitation anomaly.
2023-06-01,,0.07453352336597163,,CPC_NMME_ENSMEAN,2023-03-01,3,cvalley,35.4,40.6,-122.5,-119.0,https://ftp.cpc.ncep.noaa.gov/NMME/realtime_anom/ENSMEAN/2023030800/NMME.prate.202303.ENSMEAN.anom.nc,mm/day anomaly converted from source mm/s,CPC NMME real-time multi-model ensemble-mean precipitation anomaly.
2023-07-01,,0.010201238637819188,,CPC_NMME_ENSMEAN,2023-04-01,3,cvalley,35.4,40.6,-122.5,-119.0,https://ftp.cpc.ncep.noaa.gov/NMME/realtime_anom/ENSMEAN/2023040800/NMME.prate.202304.ENSMEAN.anom.nc,mm/day anomaly converted from source mm/s,CPC NMME real-time multi-model ensemble-mean precipitation anomaly.
2023-08-01,,-0.062428147975879256,,CPC_NMME_ENSMEAN,2023-05-01,3,cvalley,35.4,40.6,-122.5,-119.0,https://ftp.cpc.ncep.noaa.gov/NMME/realtime_anom/ENSMEAN/2023050800/NMME.prate.202305.ENSMEAN.anom.nc,mm/day anomaly converted from source mm/s,CPC NMME real-time multi-model ensemble-mean precipitation anomaly.
2023-09-01,,-0.03463706316324533,,CPC_NMME_ENSMEAN,2023-06-01,3,cvalley,35.4,40.6,-122.5,-119.0,https://ftp.cpc.ncep.noaa.gov/NMME/realtime_anom/ENSMEAN/2023060800/NMME.prate.202306.ENSMEAN.anom.nc,mm/day anomaly converted from source mm/s,CPC NMME real-time multi-model ensemble-mean precipitation anomaly.
2023-10-01,,-0.31983146182028577,,CPC_NMME_ENSMEAN,2023-07-01,3,cvalley,35.4,40.6,-122.5,-119.0,https://ftp.cpc.ncep.noaa.gov/NMME/realtime_anom/ENSMEAN/2023070800/NMME.prate.202307.ENSMEAN.anom.nc,mm/day anomaly converted from source mm/s,CPC NMME real-time multi-model ensemble-mean precipitation anomaly.
2023-11-01,,-0.2038768943748437,,CPC_NMME_ENSMEAN,2023-08-01,3,cvalley,35.4,40.6,-122.5,-119.0,https://ftp.cpc.ncep.noaa.gov/NMME/realtime_anom/ENSMEAN/2023080800/NMME.prate.202308.ENSMEAN.anom.nc,mm/day anomaly converted from source mm/s,CPC NMME real-time multi-model ensemble-mean precipitation anomaly.
2023-12-01,,-0.5632026004604995,,CPC_NMME_ENSMEAN,2023-09-01,3,cvalley,35.4,40.6,-122.5,-119.0,https://ftp.cpc.ncep.noaa.gov/NMME/realtime_anom/ENSMEAN/2023090800/NMME.prate.202309.ENSMEAN.anom.nc,mm/day anomaly converted from source mm/s,CPC NMME real-time multi-model ensemble-mean precipitation anomaly.
2024-01-01,,0.47493880265392363,,CPC_NMME_ENSMEAN,2023-10-01,3,cvalley,35.4,40.6,-122.5,-119.0,https://ftp.cpc.ncep.noaa.gov/NMME/realtime_anom/ENSMEAN/2023100800/NMME.prate.202310.ENSMEAN.anom.nc,mm/day anomaly converted from source mm/s,CPC NMME real-time multi-model ensemble-mean precipitation anomaly.
2024-02-01,,-0.04280480461602565,,CPC_NMME_ENSMEAN,2023-11-01,3,cvalley,35.4,40.6,-122.5,-119.0,https://ftp.cpc.ncep.noaa.gov/NMME/realtime_anom/ENSMEAN/2023110800/NMME.prate.202311.ENSMEAN.anom.nc,mm/day anomaly converted from source mm/s,CPC NMME real-time multi-model ensemble-mean precipitation anomaly.
2024-03-01,,0.0829819415230304,,CPC_NMME_ENSMEAN,2023-12-01,3,cvalley,35.4,40.6,-122.5,-119.0,https://ftp.cpc.ncep.noaa.gov/NMME/realtime_anom/ENSMEAN/2023120800/NMME.prate.202312.ENSMEAN.anom.nc,mm/day anomaly converted from source mm/s,CPC NMME real-time multi-model ensemble-mean precipitation anomaly.
2024-04-01,,-0.08572691003791988,,CPC_NMME_ENSMEAN,2024-01-01,3,cvalley,35.4,40.6,-122.5,-119.0,https://ftp.cpc.ncep.noaa.gov/NMME/realtime_anom/ENSMEAN/2024010800/NMME.prate.202401.ENSMEAN.anom.nc,mm/day anomaly converted from source mm/s,CPC NMME real-time multi-model ensemble-mean precipitation anomaly.
2024-05-01,,-0.1479740923969075,,CPC_NMME_ENSMEAN,2024-02-01,3,cvalley,35.4,40.6,-122.5,-119.0,https://ftp.cpc.ncep.noaa.gov/NMME/realtime_anom/ENSMEAN/2024020800/NMME.prate.202402.ENSMEAN.anom.nc,mm/day anomaly converted from source mm/s,CPC NMME real-time multi-model ensemble-mean precipitation anomaly.
2024-06-01,,-0.056040651543298736,,CPC_NMME_ENSMEAN,2024-03-01,3,cvalley,35.4,40.6,-122.5,-119.0,https://ftp.cpc.ncep.noaa.gov/NMME/realtime_anom/ENSMEAN/2024030800/NMME.prate.202403.ENSMEAN.anom.nc,mm/day anomaly converted from source mm/s,CPC NMME real-time multi-model ensemble-mean precipitation anomaly.
2024-07-01,,-0.03441255666984944,,CPC_NMME_ENSMEAN,2024-04-01,3,cvalley,35.4,40.6,-122.5,-119.0,https://ftp.cpc.ncep.noaa.gov/NMME/realtime_anom/ENSMEAN/2024040800/NMME.prate.202404.ENSMEAN.anom.nc,mm/day anomaly converted from source mm/s,CPC NMME real-time multi-model ensemble-mean precipitation anomaly.
2024-08-01,,-0.08806774967524689,,CPC_NMME_ENSMEAN,2024-05-01,3,cvalley,35.4,40.6,-122.5,-119.0,https://ftp.cpc.ncep.noaa.gov/NMME/realtime_anom/ENSMEAN/2024050800/NMME.prate.202405.ENSMEAN.anom.nc,mm/day anomaly converted from source mm/s,CPC NMME real-time multi-model ensemble-mean precipitation anomaly.
2024-09-01,,-0.16896960078156553,,CPC_NMME_ENSMEAN,2024-06-01,3,cvalley,35.4,40.6,-122.5,-119.0,https://ftp.cpc.ncep.noaa.gov/NMME/realtime_anom/ENSMEAN/2024060800/NMME.prate.202406.ENSMEAN.anom.nc,mm/day anomaly converted from source mm/s,CPC NMME real-time multi-model ensemble-mean precipitation anomaly.
2024-10-01,,-0.16219455101236235,,CPC_NMME_ENSMEAN,2024-07-01,3,cvalley,35.4,40.6,-122.5,-119.0,https://ftp.cpc.ncep.noaa.gov/NMME/realtime_anom/ENSMEAN/2024070800/NMME.prate.202407.ENSMEAN.anom.nc,mm/day anomaly converted from source mm/s,CPC NMME real-time multi-model ensemble-mean precipitation anomaly.
2024-11-01,,-0.5811318449559622,,CPC_NMME_ENSMEAN,2024-08-01,3,cvalley,35.4,40.6,-122.5,-119.0,https://ftp.cpc.ncep.noaa.gov/NMME/realtime_anom/ENSMEAN/2024080800/NMME.prate.202408.ENSMEAN.anom.nc,mm/day anomaly converted from source mm/s,CPC NMME real-time multi-model ensemble-mean precipitation anomaly.
2024-12-01,,-0.40028244839049876,,CPC_NMME_ENSMEAN,2024-09-01,3,cvalley,35.4,40.6,-122.5,-119.0,https://ftp.cpc.ncep.noaa.gov/NMME/realtime_anom/ENSMEAN/2024090800/NMME.prate.202409.ENSMEAN.anom.nc,mm/day anomaly converted from source mm/s,CPC NMME real-time multi-model ensemble-mean precipitation anomaly.
2025-01-01,,-0.6054568613762967,,CPC_NMME_ENSMEAN,2024-10-01,3,cvalley,35.4,40.6,-122.5,-119.0,https://ftp.cpc.ncep.noaa.gov/NMME/realtime_anom/ENSMEAN/2024100800/NMME.prate.202410.ENSMEAN.anom.nc,mm/day anomaly converted from source mm/s,CPC NMME real-time multi-model ensemble-mean precipitation anomaly.
2025-02-01,,-0.8956042060162872,,CPC_NMME_ENSMEAN,2024-11-01,3,cvalley,35.4,40.6,-122.5,-119.0,https://ftp.cpc.ncep.noaa.gov/NMME/realtime_anom/ENSMEAN/2024110800/NMME.prate.202411.ENSMEAN.anom.nc,mm/day anomaly converted from source mm/s,CPC NMME real-time multi-model ensemble-mean precipitation anomaly.
2025-03-01,,-0.3901735588442534,,CPC_NMME_ENSMEAN,2024-12-01,3,cvalley,35.4,40.6,-122.5,-119.0,https://ftp.cpc.ncep.noaa.gov/NMME/realtime_anom/ENSMEAN/2024120800/NMME.prate.202412.ENSMEAN.anom.nc,mm/day anomaly converted from source mm/s,CPC NMME real-time multi-model ensemble-mean precipitation anomaly.
2025-04-01,,-0.4492095555178821,,CPC_NMME_ENSMEAN,2025-01-01,3,cvalley,35.4,40.6,-122.5,-119.0,https://ftp.cpc.ncep.noaa.gov/NMME/realtime_anom/ENSMEAN/2025010800/NMME.prate.202501.ENSMEAN.anom.nc,mm/day anomaly converted from source mm/s,CPC NMME real-time multi-model ensemble-mean precipitation anomaly.
2025-05-01,,-0.35698640858754516,,CPC_NMME_ENSMEAN,2025-02-01,3,cvalley,35.4,40.6,-122.5,-119.0,https://ftp.cpc.ncep.noaa.gov/NMME/realtime_anom/ENSMEAN/2025020800/NMME.prate.202502.ENSMEAN.anom.nc,mm/day anomaly converted from source mm/s,CPC NMME real-time multi-model ensemble-mean precipitation anomaly.
2025-06-01,,-0.17396070979884826,,CPC_NMME_ENSMEAN,2025-03-01,3,cvalley,35.4,40.6,-122.5,-119.0,https://ftp.cpc.ncep.noaa.gov/NMME/realtime_anom/ENSMEAN/2025030800/NMME.prate.202503.ENSMEAN.anom.nc,mm/day anomaly converted from source mm/s,CPC NMME real-time multi-model ensemble-mean precipitation anomaly.
2025-07-01,,-0.027426614451542264,,CPC_NMME_ENSMEAN,2025-04-01,3,cvalley,35.4,40.6,-122.5,-119.0,https://ftp.cpc.ncep.noaa.gov/NMME/realtime_anom/ENSMEAN/2025040800/NMME.prate.202504.ENSMEAN.anom.nc,mm/day anomaly converted from source mm/s,CPC NMME real-time multi-model ensemble-mean precipitation anomaly.
2025-08-01,,-0.02541263957027695,,CPC_NMME_ENSMEAN,2025-05-01,3,cvalley,35.4,40.6,-122.5,-119.0,https://ftp.cpc.ncep.noaa.gov/NMME/realtime_anom/ENSMEAN/2025050800/NMME.prate.202505.ENSMEAN.anom.nc,mm/day anomaly converted from source mm/s,CPC NMME real-time multi-model ensemble-mean precipitation anomaly.
2025-09-01,,-0.0715962982212659,,CPC_NMME_ENSMEAN,2025-06-01,3,cvalley,35.4,40.6,-122.5,-119.0,https://ftp.cpc.ncep.noaa.gov/NMME/realtime_anom/ENSMEAN/2025060800/NMME.prate.202506.ENSMEAN.anom.nc,mm/day anomaly converted from source mm/s,CPC NMME real-time multi-model ensemble-mean precipitation anomaly.
2025-10-01,,-0.1826957792218309,,CPC_NMME_ENSMEAN,2025-07-01,3,cvalley,35.4,40.6,-122.5,-119.0,https://ftp.cpc.ncep.noaa.gov/NMME/realtime_anom/ENSMEAN/2025070800/NMME.prate.202507.ENSMEAN.anom.nc,mm/day anomaly converted from source mm/s,CPC NMME real-time multi-model ensemble-mean precipitation anomaly.
2025-11-01,,-0.16323209638358094,,CPC_NMME_ENSMEAN,2025-08-01,3,cvalley,35.4,40.6,-122.5,-119.0,https://ftp.cpc.ncep.noaa.gov/NMME/realtime_anom/ENSMEAN/2025080800/NMME.prate.202508.ENSMEAN.anom.nc,mm/day anomaly converted from source mm/s,CPC NMME real-time multi-model ensemble-mean precipitation anomaly.
2025-12-01,,0.28215309139341116,,CPC_NMME_ENSMEAN,2025-09-01,3,cvalley,35.4,40.6,-122.5,-119.0,https://ftp.cpc.ncep.noaa.gov/NMME/realtime_anom/ENSMEAN/2025090800/NMME.prate.202509.ENSMEAN.anom.nc,mm/day anomaly converted from source mm/s,CPC NMME real-time multi-model ensemble-mean precipitation anomaly.
2026-01-01,,-0.20969207544112578,,CPC_NMME_ENSMEAN,2025-10-01,3,cvalley,35.4,40.6,-122.5,-119.0,https://ftp.cpc.ncep.noaa.gov/NMME/realtime_anom/ENSMEAN/2025100800/NMME.prate.202510.ENSMEAN.anom.nc,mm/day anomaly converted from source mm/s,CPC NMME real-time multi-model ensemble-mean precipitation anomaly.
2026-02-01,,-0.4780576957273297,,CPC_NMME_ENSMEAN,2025-11-01,3,cvalley,35.4,40.6,-122.5,-119.0,https://ftp.cpc.ncep.noaa.gov/NMME/realtime_anom/ENSMEAN/2025110800/NMME.prate.202511.ENSMEAN.anom.nc,mm/day anomaly converted from source mm/s,CPC NMME real-time multi-model ensemble-mean precipitation anomaly.
2026-03-01,,-0.3075637934671249,,CPC_NMME_ENSMEAN,2025-12-01,3,cvalley,35.4,40.6,-122.5,-119.0,https://ftp.cpc.ncep.noaa.gov/NMME/realtime_anom/ENSMEAN/2025120800/NMME.prate.202512.ENSMEAN.anom.nc,mm/day anomaly converted from source mm/s,CPC NMME real-time multi-model ensemble-mean precipitation anomaly.
